Date,Temperature_C,Rainfall_mm,Arrivals_Tonnes,Min_Price,Max_Price,Modal_Price,Diesel_Price_Rs
2021-01-02,21.53125,0.0,354.0,5550.0,6099.0,5840.0,80.26
2021-01-03,22.543747,0.1,354.0,5550.0,6099.0,5840.0,80.26
2021-01-04,21.062502,0.0,2.0,5600.0,5600.0,5600.0,80.39
2021-01-04,21.062502,0.0,248.0,5500.0,6300.0,6050.0,80.39
2021-01-05,22.6625,1.0,543.0,5900.0,6325.0,6075.0,80.45
2021-01-06,22.527084,2.9,543.0,5900.0,6325.0,6075.0,80.45
2021-01-07,24.360413,0.2,543.0,5900.0,6325.0,6075.0,80.45
2021-01-08,24.106247,0.1,543.0,5900.0,6325.0,6075.0,80.45
2021-01-09,24.122915,0.0,543.0,5900.0,6325.0,6075.0,80.45
2021-01-10,24.027082,0.0,543.0,5900.0,6325.0,6075.0,80.45
2021-01-11,24.310415,0.0,543.0,5900.0,6325.0,6075.0,80.45
2021-01-12,23.683332,0.0,543.0,5900.0,6325.0,6075.0,80.45
2021-01-13,22.793749,0.0,543.0,5900.0,6325.0,6075.0,80.45
2021-01-14,22.77917,0.0,543.0,5900.0,6325.0,6075.0,80.45
2021-01-15,24.18125,0.0,543.0,5900.0,6325.0,6075.0,80.45
2021-01-16,24.585419,0.0,4.0,5640.0,5640.0,5640.0,81.15
2021-01-16,24.585419,0.0,411.0,5501.0,6255.0,6060.0,81.15
2021-01-17,24.597918,0.0,411.0,5501.0,6255.0,6060.0,81.15
2021-01-18,24.239584,0.0,443.0,5400.0,6290.0,6030.0,81.28
2021-01-18,24.239584,0.0,6.0,5500.0,5751.0,5600.0,81.28
2021-01-19,24.475004,0.0,502.0,5525.0,6252.0,5900.0,81.34
2021-01-19,24.475004,0.0,7.0,5600.0,5751.0,5700.0,81.34
2021-01-20,23.797915,0.0,479.0,5681.0,6200.0,5950.0,81.4
2021-01-20,23.797915,0.0,11.0,5500.0,5711.0,5600.0,81.4
2021-01-21,23.989584,0.0,682.0,5504.0,6173.0,5900.0,81.47
2021-01-21,23.989584,0.0,9.0,5600.0,5751.0,5700.0,81.47
2021-01-22,23.612503,0.0,17.0,5600.0,5800.0,5700.0,81.53
2021-01-22,23.612503,0.0,687.0,5090.0,6200.0,5950.0,81.53
2021-01-23,23.877085,0.0,1.0,5600.0,5600.0,5600.0,81.6
2021-01-23,23.877085,0.0,665.0,5570.0,6227.0,6000.0,81.6
2021-01-24,23.885414,0.0,665.0,5570.0,6227.0,6000.0,81.6
2021-01-25,23.733335,0.0,620.0,5640.0,6275.0,6100.0,81.72
2021-01-26,23.514582,0.0,620.0,5640.0,6275.0,6100.0,81.72
2021-01-27,23.56875,0.0,2.0,7720.0,7720.0,7720.0,81.85
2021-01-27,23.56875,0.0,723.0,5200.0,6300.0,6150.0,81.85
2021-01-28,23.38542,0.0,870.0,5521.0,6166.0,5950.0,81.91
2021-01-28,23.38542,0.0,7.0,5500.0,5800.0,5700.0,81.91
2021-01-29,23.756248,0.0,688.0,5680.0,6200.0,6000.0,81.98
2021-01-29,23.756248,0.0,3.0,5600.0,5800.0,5750.0,81.98
2021-01-30,23.570833,0.0,804.0,5560.0,6225.0,6050.0,82.04
2021-01-31,23.097921,0.0,804.0,5560.0,6225.0,6050.0,82.04
2021-02-01,21.881248,0.0,805.0,6000.0,6421.0,6200.0,82.17
2021-02-01,21.881248,0.0,30.0,5800.0,6001.0,5900.0,82.17
2021-02-02,22.058334,0.0,7.0,5800.0,6000.0,5900.0,82.23
2021-02-02,22.058334,0.0,888.0,5740.0,6421.0,6200.0,82.23
2021-02-03,21.956247,0.0,5.0,5800.0,6051.0,5950.0,82.29
2021-02-03,21.956247,0.0,783.0,5481.0,6400.0,6170.0,82.29
2021-02-04,22.74375,0.0,2.0,6350.0,6350.0,6350.0,82.36
2021-02-04,22.74375,0.0,789.0,6001.0,6631.0,6450.0,82.36
2021-02-05,22.337502,0.0,17.0,6300.0,6600.0,6500.0,82.42
2021-02-05,22.337502,0.0,748.0,6400.0,7201.0,6950.0,82.42
2021-02-06,21.693748,0.0,748.0,6400.0,7201.0,6950.0,82.42
2021-02-07,21.068747,0.0,748.0,6400.0,7201.0,6950.0,82.42
2021-02-08,21.345835,0.0,748.0,6400.0,7201.0,6950.0,82.42
2021-02-09,21.962502,0.0,3.0,6850.0,6850.0,6850.0,82.67
2021-02-09,21.962502,0.0,539.0,6800.0,7500.0,7200.0,82.67
2021-02-10,23.285418,0.0,5.0,6500.0,6700.0,6600.0,82.74
2021-02-10,23.285418,0.0,559.0,6300.0,7200.0,6850.0,82.74
2021-02-11,23.766665,0.0,559.0,6300.0,7200.0,6850.0,82.74
2021-02-12,24.297915,0.0,11.0,6600.0,6850.0,6800.0,82.86
2021-02-12,24.297915,0.0,645.0,6650.0,7250.0,6950.0,82.86
2021-02-13,24.450003,0.0,399.0,6530.0,7202.0,6900.0,82.93
2021-02-13,24.450003,0.0,4.0,6500.0,6800.0,6750.0,82.93
2021-02-14,25.410418,0.0,4.0,6500.0,6800.0,6750.0,82.93
2021-02-15,25.370829,0.0,2.0,6500.0,6711.0,6600.0,83.05
2021-02-15,25.370829,0.0,437.0,6616.0,7090.0,6850.0,83.05
2021-02-16,25.166666,0.0,433.0,6501.0,7025.0,6800.0,83.12
2021-02-16,25.166666,0.0,15.0,6500.0,6701.0,6600.0,83.12
2021-02-17,23.49375,0.0,10.0,6400.0,6700.0,6600.0,83.18
2021-02-17,23.49375,0.0,305.0,6461.0,7111.0,6850.0,83.18
2021-02-18,17.945835,10.0,335.0,6601.0,7000.0,6870.0,83.24
2021-02-18,17.945835,10.0,1.0,6550.0,6550.0,6550.0,83.24
2021-02-19,20.5375,0.2,1.0,6550.0,6550.0,6550.0,83.24
2021-02-20,22.239586,0.1,264.0,5701.0,7030.0,6750.0,83.37
2021-02-21,23.214586,0.0,264.0,5701.0,7030.0,6750.0,83.37
2021-02-22,24.06458,0.0,414.0,6550.0,7103.0,6850.0,83.5
2021-02-22,24.06458,0.0,12.0,6500.0,6700.0,6650.0,83.5
2021-02-23,24.316666,0.0,341.0,6471.0,7189.0,6900.0,83.56
2021-02-24,25.214582,0.0,318.0,6561.0,7161.0,6800.0,83.62
2021-02-24,25.214582,0.0,2.0,6700.0,6700.0,6700.0,83.62
2021-02-25,25.458336,0.0,3.0,6600.0,6600.0,6600.0,83.69
2021-02-25,25.458336,0.0,378.0,6631.0,7071.0,6900.0,83.69
2021-02-26,25.564583,0.0,4.0,6400.0,6600.0,6550.0,83.75
2021-02-27,26.147919,0.0,4.0,6400.0,6600.0,6550.0,83.75
2021-02-28,27.087502,0.0,4.0,6400.0,6600.0,6550.0,83.75
2021-03-01,26.931252,0.0,411.0,6200.0,6921.0,6700.0,83.94
2021-03-01,26.931252,0.0,5.0,6400.0,6600.0,6500.0,83.94
2021-03-02,26.0875,0.0,411.0,6500.0,6950.0,6750.0,84.01
2021-03-03,25.435415,0.0,5.0,6500.0,6650.0,6570.0,84.07
2021-03-03,25.435415,0.0,372.0,6400.0,6952.0,6700.0,84.07
2021-03-04,25.987501,0.0,346.0,6500.0,7060.0,6850.0,84.13
2021-03-05,26.535418,0.0,231.0,6300.0,7007.0,6850.0,84.2
2021-03-06,26.814585,0.0,260.0,6401.0,7020.0,6800.0,84.26
2021-03-06,26.814585,0.0,5.0,6300.0,6500.0,6400.0,84.26
2021-03-07,27.202087,0.0,5.0,6300.0,6500.0,6400.0,84.26
2021-03-08,27.677078,0.0,184.0,3537.0,6913.0,3800.0,84.39
2021-03-09,28.347916,0.0,187.0,6275.0,6790.0,6550.0,84.45
2021-03-10,28.006254,0.0,252.0,6341.0,6839.0,6600.0,84.51
2021-03-11,27.525002,0.0,252.0,6341.0,6839.0,6600.0,84.51
2021-03-12,27.079168,0.0,222.0,6301.0,6952.0,6750.0,84.64
2021-03-13,27.320831,0.0,222.0,6301.0,6952.0,6750.0,84.64
2021-03-14,27.822914,0.0,222.0,6301.0,6952.0,6750.0,84.64
2021-03-15,28.356249,0.0,193.0,6650.0,7012.0,6850.0,84.83
2021-03-16,28.424997,0.0,206.0,6000.0,7075.0,6800.0,84.89
2021-03-17,29.137499,0.0,206.0,6000.0,7075.0,6800.0,84.89
2021-03-18,28.864584,0.0,206.0,6000.0,7075.0,6800.0,84.89
2021-03-19,27.714582,0.0,206.0,6000.0,7075.0,6800.0,84.89
2021-03-20,27.654167,0.0,206.0,6000.0,7075.0,6800.0,84.89
2021-03-21,28.137499,0.0,206.0,6000.0,7075.0,6800.0,84.89
2021-03-22,26.804167,1.8000001,262.0,6652.0,6941.0,6770.0,85.27
2021-03-23,27.450003,3.0,266.0,6400.0,6871.0,6690.0,85.34
2021-03-24,29.249994,0.0,254.0,6311.0,6900.0,6740.0,85.4
2021-03-25,29.220833,0.0,361.0,6651.0,6875.0,6780.0,85.46
2021-03-26,28.904167,0.0,193.0,6460.0,6925.0,6700.0,85.53
2021-03-27,29.462502,0.0,271.0,6612.0,6960.0,6790.0,85.59
2021-03-28,29.53333,0.0,271.0,6612.0,6960.0,6790.0,85.59
2021-03-29,29.883333,0.0,271.0,6612.0,6960.0,6790.0,85.59
2021-03-30,29.706247,0.0,271.0,6612.0,6960.0,6790.0,85.59
2021-03-31,30.36667,0.0,271.0,6612.0,6960.0,6790.0,85.59
2021-04-01,29.702085,0.0,271.0,6612.0,6960.0,6790.0,85.59
2021-04-02,30.002085,0.0,271.0,6612.0,6960.0,6790.0,85.59
2021-04-03,30.589584,0.0,13.0,6200.0,6400.0,6300.0,86.03
2021-04-03,30.589584,0.0,257.0,6500.0,7000.0,6750.0,86.03
2021-04-04,30.56875,0.0,257.0,6500.0,7000.0,6750.0,86.03
2021-04-05,31.26458,0.0,282.0,6800.0,6901.0,6850.0,86.16
2021-04-06,31.714586,0.0,269.0,6400.0,7200.0,6920.0,86.22
2021-04-07,30.80208,0.0,247.0,6401.0,7070.0,6850.0,86.29
2021-04-08,30.9,0.0,306.0,6423.0,7200.0,6950.0,86.35
2021-04-09,29.749994,0.7,344.0,6780.0,7100.0,6910.0,86.41
2021-04-10,28.352081,0.4,344.0,6780.0,7100.0,6910.0,86.41
2021-04-11,27.539583,4.3,344.0,6780.0,7100.0,6910.0,86.41
2021-04-12,28.141668,0.2,404.0,6299.0,7231.0,7000.0,86.61
2021-04-13,27.310417,0.1,381.0,6541.0,7251.0,7000.0,86.67
2021-04-14,28.087502,0.0,381.0,6541.0,7251.0,7000.0,86.67
2021-04-15,29.5,0.0,360.0,6500.0,7075.0,6850.0,86.8
2021-04-15,29.5,0.0,7.0,6200.0,6501.0,6400.0,86.8
2021-04-16,30.00833,0.0,642.0,6502.0,7200.0,6950.0,86.86
2021-04-16,30.00833,0.0,7.0,6200.0,6500.0,6400.0,86.86
2021-04-17,31.018747,0.0,494.0,6501.0,7160.0,6900.0,86.92
2021-04-18,31.560417,0.0,494.0,6501.0,7160.0,6900.0,86.92
2021-04-19,31.316671,0.0,578.0,6500.0,6950.0,6800.0,87.05
2021-04-19,31.316671,0.0,6.0,6700.0,6800.0,6750.0,87.05
2021-04-20,31.004166,0.0,288.0,6501.0,6860.0,6760.0,87.11
2021-04-21,30.718752,0.0,288.0,6501.0,6860.0,6760.0,87.11
2021-04-22,29.835419,0.0,288.0,6501.0,6860.0,6760.0,87.11
2021-04-23,30.481247,0.0,288.0,6501.0,6860.0,6760.0,87.11
2021-04-24,30.904167,0.0,288.0,6501.0,6860.0,6760.0,87.11
2021-04-25,30.237501,0.9,288.0,6501.0,6860.0,6760.0,87.11
2021-04-26,31.441668,0.0,513.0,6000.0,6451.0,6300.0,87.49
2021-04-27,30.595833,0.2,513.0,6000.0,6451.0,6300.0,87.49
2021-04-28,30.372915,0.0,157.0,6651.0,6850.0,6750.0,87.62
2021-04-29,31.15417,0.0,101.0,6100.0,6851.0,6600.0,87.68
2021-04-30,29.929169,0.1,150.0,6200.0,6801.0,6650.0,87.75
2021-05-01,27.824999,5.4,150.0,6200.0,6801.0,6650.0,87.75
2021-05-02,27.558332,3.3,150.0,6200.0,6801.0,6650.0,87.75
2021-05-03,29.86875,0.0,275.0,6350.0,6799.0,6610.0,87.81
2021-05-04,30.079168,0.1,276.0,6200.0,6800.0,6550.0,87.81
2021-05-04,30.079168,0.1,8.0,6100.0,6700.0,6300.0,87.81
2021-05-05,30.416664,1.8,268.0,6331.0,6700.0,6550.0,87.81
2021-05-06,29.610415,1.4,5.0,6200.0,6400.0,6350.0,87.81
2021-05-06,29.610415,1.4,200.0,6350.0,6600.0,6500.0,87.81
2021-05-07,30.777086,0.0,189.0,6200.0,6726.0,6550.0,87.81
2021-05-08,29.831247,1.1,189.0,6200.0,6726.0,6550.0,87.81
2021-05-09,30.51458,0.6,189.0,6200.0,6726.0,6550.0,87.81
2021-05-10,31.802084,0.0,189.0,6200.0,6726.0,6550.0,87.81
2021-05-11,31.647919,0.0,189.0,6200.0,6726.0,6550.0,87.81
2021-05-12,30.995834,0.0,189.0,6200.0,6726.0,6550.0,87.81
2021-05-13,31.014582,0.0,189.0,6200.0,6726.0,6550.0,87.81
2021-05-14,31.099998,0.0,189.0,6200.0,6726.0,6550.0,87.81
2021-05-15,28.208334,1.1,189.0,6200.0,6726.0,6550.0,87.81
2021-05-16,29.216665,0.1,189.0,6200.0,6726.0,6550.0,87.81
2021-05-17,29.074999,0.8000001,358.0,6201.0,6820.0,6600.0,87.81
2021-05-18,27.783335,1.7,398.0,6401.0,6700.0,6590.0,87.81
2021-05-19,29.166664,0.0,152.0,6001.0,6699.0,6350.0,87.81
2021-05-20,30.789583,0.1,295.0,6000.0,6699.0,6400.0,87.81
2021-05-21,31.414581,0.0,309.0,6200.0,6561.0,6370.0,87.81
2021-05-22,31.547915,0.0,319.0,6015.0,6560.0,6300.0,87.81
2021-05-23,31.572914,0.0,319.0,6015.0,6560.0,6300.0,87.81
2021-05-24,31.843748,0.0,388.0,6001.0,6551.0,6350.0,87.81
2021-05-24,31.843748,0.0,5.0,5600.0,5900.0,5800.0,87.81
2021-05-25,31.724998,0.0,304.0,5500.0,6610.0,6300.0,87.81
2021-05-25,31.724998,0.0,6.0,6000.0,6341.0,6200.0,87.81
2021-05-26,29.331251,0.1,6.0,6000.0,6341.0,6200.0,87.81
2021-05-27,29.554167,0.1,350.0,5800.0,6471.0,6280.0,87.81
2021-05-28,29.697916,6.3999996,300.0,6291.0,6541.0,6400.0,87.81
2021-05-29,28.979164,2.8,385.0,6042.0,6529.0,6350.0,87.81
2021-05-30,28.718752,6.0000005,385.0,6042.0,6529.0,6350.0,87.81
2021-05-31,28.072916,2.7,355.0,6000.0,6610.0,6420.0,87.81
2021-06-01,27.481253,14.9,11.0,6000.0,6200.0,6100.0,92.69
2021-06-01,27.481253,14.9,237.0,6300.0,6600.0,6450.0,92.69
2021-06-02,26.910421,1.1,4.0,5900.0,5900.0,5900.0,92.69
2021-06-02,26.910421,1.1,319.0,6000.0,6500.0,6350.0,92.69
2021-06-03,25.874998,9.2,3.0,5500.0,6000.0,5800.0,92.69
2021-06-03,25.874998,9.2,270.0,6101.0,6501.0,6400.0,92.69
2021-06-04,26.343756,3.1,471.0,6071.0,6430.0,6250.0,92.69
2021-06-05,26.512503,5.7,334.0,6150.0,6351.0,6270.0,92.69
2021-06-06,27.860415,2.6999998,334.0,6150.0,6351.0,6270.0,92.69
2021-06-07,27.862497,1.8000002,308.0,6100.0,6381.0,6280.0,92.69
2021-06-08,25.754166,12.900001,362.0,6001.0,6451.0,6300.0,92.69
2021-06-09,24.945831,2.5000002,362.0,6001.0,6451.0,6300.0,92.69
2021-06-10,26.214586,2.1,273.0,6100.0,6541.0,6400.0,92.69
2021-06-11,26.70833,2.4,381.0,6065.0,6580.0,6420.0,92.69
2021-06-12,27.504164,1.6000001,326.0,6150.0,6600.0,6450.0,92.69
2021-06-13,26.862501,2.6000001,326.0,6150.0,6600.0,6450.0,92.69
2021-06-14,26.533333,2.6,295.0,6150.0,6400.0,6250.0,92.69
2021-06-15,24.745832,1.7,326.0,6081.0,6423.0,6260.0,92.69
2021-06-16,24.543753,2.8,2.0,5700.0,5900.0,5800.0,92.69
2021-06-16,24.543753,2.8,304.0,5800.0,6461.0,6250.0,92.69
2021-06-17,25.739584,0.90000004,292.0,6259.0,6399.0,6300.0,92.69
2021-06-18,24.856253,1.6,285.0,5900.0,6361.0,6200.0,92.69
2021-06-19,26.420832,0.1,193.0,6100.0,6521.0,6350.0,92.69
2021-06-20,27.012499,1.2,193.0,6100.0,6521.0,6350.0,92.69
2021-06-21,27.914581,0.0,1.0,5900.0,5900.0,5900.0,92.69
2021-06-21,27.914581,0.0,181.0,6060.0,6550.0,6430.0,92.69
2021-06-22,26.364588,0.1,181.0,6060.0,6550.0,6430.0,92.69
2021-06-23,24.995832,4.0,192.0,6101.0,6452.0,6300.0,92.69
2021-06-24,24.770834,10.500001,136.0,5801.0,6500.0,6280.0,92.69
2021-06-24,24.770834,10.500001,2.0,5800.0,5800.0,5800.0,92.69
2021-06-25,25.141665,9.7,185.0,6300.0,6500.0,6380.0,92.69
2021-06-26,24.166666,8.599999,164.0,6160.0,6500.0,6390.0,92.69
2021-06-26,24.166666,8.599999,4.0,5700.0,5900.0,5800.0,92.69
2021-06-27,24.679169,4.0999994,4.0,5700.0,5900.0,5800.0,92.69
2021-06-28,26.766668,1.0,198.0,6100.0,6500.0,6360.0,92.69
2021-06-29,27.881254,0.8000001,215.0,6115.0,6337.0,6220.0,92.69
2021-06-30,27.30625,0.4,249.0,6101.0,6400.0,6280.0,92.69
2021-07-01,26.997915,0.0,249.0,6101.0,6400.0,6280.0,92.69
2021-07-02,27.65,0.0,190.0,6051.0,6371.0,6200.0,96.72
2021-07-03,28.214584,0.0,190.0,6051.0,6371.0,6200.0,96.72
2021-07-04,28.679169,0.0,190.0,6051.0,6371.0,6200.0,96.72
2021-07-05,28.40625,3.3,190.0,6051.0,6371.0,6200.0,96.72
2021-07-06,27.027086,6.9999995,190.0,6051.0,6371.0,6200.0,96.72
2021-07-07,24.385416,24.1,190.0,6051.0,6371.0,6200.0,96.72
2021-07-08,24.277086,14.6,190.0,6051.0,6371.0,6200.0,96.72
2021-07-09,25.193748,4.1,190.0,6051.0,6371.0,6200.0,96.72
2021-07-10,25.410418,6.8999996,190.0,6051.0,6371.0,6200.0,96.72
2021-07-11,25.302084,12.1,190.0,6051.0,6371.0,6200.0,96.72
2021-07-12,23.91667,24.300003,190.0,6051.0,6371.0,6200.0,96.72
2021-07-13,23.802084,11.100001,190.0,6051.0,6371.0,6200.0,96.72
2021-07-14,24.131248,8.7,57.0,5926.0,6290.0,6150.0,96.72
2021-07-14,24.131248,8.7,4.0,5300.0,5500.0,5400.0,96.72
2021-07-15,25.35,7.3999996,4.0,5300.0,5500.0,5400.0,96.72
2021-07-16,25.762497,3.5,4.0,5300.0,5500.0,5400.0,96.72
2021-07-17,25.647913,4.8999996,127.0,5200.0,6201.0,5900.0,96.72
2021-07-18,24.760416,14.1,127.0,5200.0,6201.0,5900.0,96.72
2021-07-19,24.610418,6.2999997,52.0,5551.0,6001.0,5850.0,96.72
2021-07-20,22.841667,21.400002,52.0,5551.0,6001.0,5850.0,96.72
2021-07-21,23.341667,22.699997,52.0,5551.0,6001.0,5850.0,96.72
2021-07-22,24.020834,5.0,151.0,5725.0,6363.0,6200.0,96.72
2021-07-23,25.358335,0.70000005,2.0,5800.0,5800.0,5800.0,96.72
2021-07-23,25.358335,0.70000005,249.0,5900.0,6336.0,6200.0,96.72
2021-07-24,25.610415,0.3,174.0,5501.0,6362.0,6180.0,96.72
2021-07-25,25.608332,0.4,174.0,5501.0,6362.0,6180.0,96.72
2021-07-26,25.402084,0.6,185.0,5501.0,6362.0,6180.0,96.72
2021-07-27,25.166666,0.70000005,298.0,6100.0,6290.0,6150.0,96.72
2021-07-28,23.583336,0.9000001,227.0,5700.0,6451.0,6300.0,96.72
2021-07-29,23.902084,0.0,207.0,6100.0,6700.0,6450.0,96.72
2021-07-30,25.264582,0.2,225.0,6001.0,6600.0,6430.0,96.72
2021-07-31,24.535416,0.5,181.0,5649.0,6600.0,6350.0,96.72
2021-08-01,24.95208,1.2,181.0,5649.0,6600.0,6350.0,96.72
2021-08-02,25.089586,0.8,172.0,5500.0,6650.0,6420.0,97.45
2021-08-03,25.379166,1.3000001,183.0,6001.0,6516.0,6350.0,97.45
2021-08-04,25.564589,1.5000001,176.0,6000.0,6425.0,6250.0,97.45
2021-08-05,25.724997,0.9000001,176.0,6000.0,6425.0,6250.0,97.45
2021-08-06,25.91667,0.6,152.0,5510.0,6550.0,6350.0,97.45
2021-08-07,26.533333,0.1,61.0,6000.0,6560.0,6370.0,97.45
2021-08-08,26.874998,0.8,61.0,6000.0,6560.0,6370.0,97.45
2021-08-09,27.152084,0.1,91.0,6050.0,6535.0,6370.0,97.45
2021-08-10,27.091665,2.6,106.0,6000.0,6600.0,6400.0,97.45
2021-08-11,26.952082,1.6999999,99.0,5500.0,6575.0,6270.0,97.45
2021-08-12,26.914589,0.3,121.0,6100.0,6650.0,6410.0,97.45
2021-08-13,26.15417,1.9,121.0,6100.0,6650.0,6410.0,97.45
2021-08-14,25.84375,2.2999997,116.0,5500.0,6628.0,6470.0,97.45
2021-08-15,23.818754,12.099999,116.0,5500.0,6628.0,6470.0,97.45
2021-08-16,23.01458,19.1,104.0,6241.0,6711.0,6585.0,97.45
2021-08-17,23.341667,5.6,88.0,4800.0,6700.0,6350.0,97.45
2021-08-18,23.541664,5.399999,100.0,6100.0,6680.0,6450.0,97.45
2021-08-19,23.383337,1.0,100.0,6100.0,6680.0,6450.0,97.45
2021-08-20,24.310417,3.3,77.0,6501.0,6980.0,6750.0,97.45
2021-08-21,24.895834,0.8,135.0,5800.0,7062.0,6650.0,97.45
2021-08-22,25.4125,3.5,135.0,5800.0,7062.0,6650.0,97.45
2021-08-23,25.637503,6.6999993,137.0,5400.0,6870.0,6600.0,97.45
2021-08-24,25.525002,1.5,150.0,5601.0,7000.0,6850.0,97.45
2021-08-25,25.810417,0.4,117.0,6099.0,7011.0,6750.0,97.45
2021-08-26,25.908335,1.1,145.0,6030.0,6841.0,6700.0,97.45
2021-08-27,24.916666,2.0000002,120.0,6199.0,6830.0,6550.0,97.45
2021-08-28,24.44375,1.7000002,63.0,6011.0,6775.0,6620.0,97.45
2021-08-29,23.34375,11.900002,63.0,6011.0,6775.0,6620.0,97.45
2021-08-30,23.295832,5.899999,63.0,6011.0,6775.0,6620.0,97.45
2021-08-31,24.491669,5.6000004,120.0,6200.0,6700.0,6500.0,97.45
2021-09-01,24.604164,1.4000001,130.0,5700.0,6700.0,6350.0,96.33
2021-09-02,24.91667,3.8999996,154.0,6100.0,6700.0,6560.0,96.33
2021-09-03,24.152082,23.700003,86.0,6000.0,6800.0,6400.0,96.33
2021-09-04,24.0,22.100002,116.0,6000.0,6850.0,6450.0,96.33
2021-09-05,23.250002,13.7,116.0,6000.0,6850.0,6450.0,96.33
2021-09-06,22.472916,137.3,116.0,6000.0,6850.0,6450.0,96.33
2021-09-07,24.377085,18.100002,104.0,6500.0,6650.0,6550.0,96.33
2021-09-08,24.885416,0.6,40.0,5900.0,6715.0,6550.0,96.33
2021-09-09,24.729164,0.5,143.0,6000.0,6700.0,6450.0,96.33
2021-09-10,24.38125,2.6999998,143.0,6000.0,6700.0,6450.0,96.33
2021-09-11,24.433334,1.8000001,143.0,6000.0,6700.0,6450.0,96.33
2021-09-12,24.733337,7.099999,143.0,6000.0,6700.0,6450.0,96.33
2021-09-13,24.660416,1.2,143.0,6000.0,6700.0,6450.0,96.33
2021-09-14,24.468752,0.0,55.0,5600.0,6700.0,6450.0,96.33
2021-09-15,23.941666,0.0,146.0,6100.0,6700.0,6500.0,96.33
2021-09-16,24.010416,0.2,96.0,6200.0,6726.0,6465.0,96.33
2021-09-17,24.497917,0.0,96.0,6200.0,6726.0,6465.0,96.33
2021-09-18,25.06875,0.4,104.0,6100.0,6692.0,6400.0,96.33
2021-09-19,24.287498,7.8999996,104.0,6100.0,6692.0,6400.0,96.33
2021-09-20,23.493746,33.9,158.0,6200.0,6550.0,6450.0,96.33
2021-09-21,23.00625,19.9,119.0,6099.0,6476.0,6460.0,96.33
2021-09-22,23.554167,10.7,120.0,6026.0,6449.0,6220.0,96.33
2021-09-23,23.639587,5.1,172.0,5981.0,6500.0,6100.0,96.33
2021-09-24,23.775,8.900001,175.0,5799.0,6458.0,6320.0,96.33
2021-09-25,23.481253,2.2,175.0,5799.0,6458.0,6320.0,96.33
2021-09-26,23.485418,23.699999,175.0,5799.0,6458.0,6320.0,96.33
2021-09-27,22.433329,53.899998,175.0,5799.0,6458.0,6320.0,96.33
2021-09-28,24.110418,0.5,37.0,6190.0,6454.0,6250.0,96.33
2021-09-29,24.747915,0.3,83.0,5100.0,6471.0,6200.0,96.33
2021-09-30,24.804167,12.399999,65.0,5650.0,6539.0,6300.0,96.33
2021-10-01,24.602081,0.8000001,86.0,6190.0,6500.0,6350.0,97.84
2021-10-02,24.766665,4.3999996,86.0,6190.0,6500.0,6350.0,97.84
2021-10-03,25.314583,3.4,86.0,6190.0,6500.0,6350.0,97.84
2021-10-04,24.552084,1.8,90.0,5301.0,6500.0,6200.0,97.84
2021-10-05,24.581251,11.099999,113.0,5700.0,6450.0,6150.0,97.84
2021-10-06,24.995829,2.3000002,113.0,5700.0,6450.0,6150.0,97.84
2021-10-07,24.947914,14.3,64.0,6000.0,6450.0,6150.0,97.84
2021-10-07,24.947914,14.3,2.0,6000.0,6000.0,6000.0,97.84
2021-10-08,24.083334,3.4999998,52.0,6000.0,6500.0,6150.0,97.84
2021-10-09,24.40625,5.5000005,45.0,5301.0,6600.0,6100.0,97.84
2021-10-10,24.38125,0.0,45.0,5301.0,6600.0,6100.0,97.84
2021-10-11,23.835413,0.0,45.0,5301.0,6600.0,6100.0,97.84
2021-10-12,23.741667,0.0,45.0,5301.0,6600.0,6100.0,97.84
2021-10-13,24.564583,0.3,45.0,5301.0,6600.0,6100.0,97.84
2021-10-14,23.72917,0.0,45.0,5301.0,6600.0,6100.0,97.84
2021-10-15,24.102083,10.2,45.0,5301.0,6600.0,6100.0,97.84
2021-10-16,24.227083,3.0,45.0,5301.0,6600.0,6100.0,97.84
2021-10-17,24.716667,0.0,45.0,5301.0,6600.0,6100.0,97.84
2021-10-18,23.897917,0.0,45.0,5301.0,6600.0,6100.0,97.84
2021-10-19,22.656252,0.0,45.0,5301.0,6600.0,6100.0,97.84
2021-10-20,22.36875,0.0,45.0,5301.0,6600.0,6100.0,97.84
2021-10-21,22.447914,0.0,45.0,5301.0,6600.0,6100.0,97.84
2021-10-22,22.870829,0.0,45.0,5301.0,6600.0,6100.0,97.84
2021-10-23,23.420835,0.0,57.0,5200.0,6200.0,6000.0,97.84
2021-10-24,23.102087,0.0,57.0,5200.0,6200.0,6000.0,97.84
2021-10-25,22.5625,0.0,77.0,5841.0,6166.0,5900.0,97.84
2021-10-26,22.347914,0.0,77.0,5841.0,6166.0,5900.0,97.84
2021-10-27,22.731249,0.0,77.0,5841.0,6166.0,5900.0,97.84
2021-10-28,22.991669,0.0,77.0,5841.0,6166.0,5900.0,97.84
2021-10-29,23.612501,0.0,77.0,5841.0,6166.0,5900.0,97.84
2021-10-30,23.841667,0.0,77.0,5841.0,6166.0,5900.0,97.84
2021-10-31,23.75208,0.0,77.0,5841.0,6166.0,5900.0,97.84
2021-11-01,24.106247,0.0,77.0,5841.0,6166.0,5900.0,97.84
2021-11-02,23.597914,0.6,77.0,5841.0,6166.0,5900.0,97.84
2021-11-03,23.847918,0.6,77.0,5841.0,6166.0,5900.0,97.84
2021-11-04,24.039583,0.6,77.0,5841.0,6166.0,5900.0,97.84
2021-11-05,24.356249,0.0,77.0,5841.0,6166.0,5900.0,97.84
2021-11-06,22.920832,0.0,77.0,5841.0,6166.0,5900.0,97.84
2021-11-07,21.966667,0.0,77.0,5841.0,6166.0,5900.0,97.84
2021-11-08,21.272919,0.0,77.0,5841.0,6166.0,5900.0,97.84
2021-11-09,21.712496,0.0,77.0,5841.0,6166.0,5900.0,97.84
2021-11-10,21.485415,0.0,77.0,5841.0,6166.0,5900.0,97.84
2021-11-11,23.2125,0.4,77.0,5841.0,6166.0,5900.0,97.84
2021-11-12,24.152082,1.1,77.0,5841.0,6166.0,5900.0,97.84
2021-11-13,24.447916,1.3000001,105.0,5600.0,6101.0,5900.0,106.62
2021-11-14,24.691666,2.2,105.0,5600.0,6101.0,5900.0,106.62
2021-11-15,24.929167,6.4000006,105.0,5600.0,6101.0,5900.0,106.62
2021-11-16,24.343752,0.8000001,105.0,5600.0,6101.0,5900.0,106.62
2021-11-17,23.9375,0.2,105.0,5600.0,6101.0,5900.0,106.62
2021-11-18,24.375,0.4,105.0,5600.0,6101.0,5900.0,106.62
2021-11-19,24.481249,3.5000002,105.0,5600.0,6101.0,5900.0,106.62
2021-11-20,23.806246,2.7,105.0,5600.0,6101.0,5900.0,106.62
2021-11-21,23.902084,0.9000001,105.0,5600.0,6101.0,5900.0,106.62
2021-11-22,24.135414,1.4,105.0,5600.0,6101.0,5900.0,106.62
2021-11-23,24.262499,0.6,105.0,5600.0,6101.0,5900.0,106.62
2021-11-24,23.314585,0.0,105.0,5600.0,6101.0,5900.0,106.62
2021-11-25,22.643747,0.0,105.0,5600.0,6101.0,5900.0,106.62
2021-11-26,21.893747,0.0,105.0,5600.0,6101.0,5900.0,106.62
2021-11-27,21.297918,0.0,105.0,5600.0,6101.0,5900.0,106.62
2021-11-28,22.372915,0.0,105.0,5600.0,6101.0,5900.0,106.62
2021-11-29,22.875,1.2,105.0,5600.0,6101.0,5900.0,106.62
2021-11-30,23.595833,0.0,105.0,5600.0,6101.0,5900.0,106.62
2021-12-01,23.247915,1.8000001,105.0,5600.0,6101.0,5900.0,106.62
2021-12-02,23.17708,2.4999998,105.0,5600.0,6101.0,5900.0,106.62
2021-12-03,23.160416,0.2,105.0,5600.0,6101.0,5900.0,106.62
2021-12-04,23.291666,0.0,105.0,5600.0,6101.0,5900.0,106.62
2021-12-05,23.420832,0.0,105.0,5600.0,6101.0,5900.0,106.62
2021-12-06,23.845833,0.0,105.0,5600.0,6101.0,5900.0,106.62
2021-12-07,23.314583,0.0,105.0,5600.0,6101.0,5900.0,106.62
2021-12-08,23.699999,0.0,105.0,5600.0,6101.0,5900.0,106.62
2021-12-09,22.995834,0.0,105.0,5600.0,6101.0,5900.0,106.62
2021-12-10,23.202082,0.0,105.0,5600.0,6101.0,5900.0,106.62
2021-12-11,22.775002,0.0,105.0,5600.0,6101.0,5900.0,106.62
2021-12-12,21.506254,0.0,105.0,5600.0,6101.0,5900.0,106.62
2021-12-13,21.775,0.0,105.0,5600.0,6101.0,5900.0,106.62
2021-12-14,21.535418,0.0,105.0,5600.0,6101.0,5900.0,106.62
2021-12-15,20.65,0.0,105.0,5600.0,6101.0,5900.0,106.62
2021-12-16,20.3875,0.0,43.0,4700.0,6312.0,5800.0,94.14
2021-12-17,19.533333,0.0,80.0,5201.0,6400.0,6000.0,94.14
2021-12-18,19.241663,0.0,80.0,5201.0,6400.0,6000.0,94.14
2021-12-19,19.145834,0.0,80.0,5201.0,6400.0,6000.0,94.14
2021-12-20,18.683336,0.0,89.0,5300.0,6348.0,6000.0,94.14
2021-12-21,19.593752,0.0,89.0,5300.0,6348.0,6000.0,94.14
2021-12-22,20.393751,0.0,177.0,4800.0,6275.0,5800.0,94.14
2021-12-23,21.108332,0.0,108.0,5090.0,6175.0,5500.0,94.14
2021-12-24,21.564585,0.0,92.0,5301.0,6140.0,5700.0,94.14
2021-12-25,21.325003,0.0,108.0,4900.0,6176.0,5800.0,94.14
2021-12-26,21.739584,0.0,108.0,4900.0,6176.0,5800.0,94.14
2021-12-27,21.929167,0.0,89.0,4700.0,6226.0,5800.0,94.14
2021-12-28,21.00208,0.0,96.0,4751.0,6158.0,5800.0,94.14
2021-12-29,20.583334,0.1,93.0,5000.0,6211.0,5700.0,94.14
2021-12-30,21.03542,0.0,174.0,5499.0,6349.0,6100.0,94.14
2021-12-31,21.641668,0.0,162.0,5475.0,6300.0,5900.0,94.14
2022-01-01,21.4,0.0,162.0,5475.0,6300.0,5900.0,94.14
2022-01-02,20.670832,0.0,162.0,5475.0,6300.0,5900.0,94.14
2022-01-03,20.641668,0.0,204.0,5400.0,6291.0,5900.0,94.14
2022-01-04,20.983334,0.0,132.0,5361.0,6540.0,6300.0,94.14
2022-01-05,21.004168,0.0,166.0,5700.0,6611.0,6300.0,94.14
2022-01-06,21.620834,0.0,166.0,5700.0,6611.0,6300.0,94.14
2022-01-07,22.741667,0.3,338.0,5780.0,6601.0,6400.0,94.14
2022-01-08,22.470835,0.1,218.0,5601.0,6651.0,6400.0,94.14
2022-01-09,21.522917,0.0,218.0,5601.0,6651.0,6400.0,94.14
2022-01-10,20.704166,0.7,1.0,6351.0,6351.0,6351.0,94.14
2022-01-11,20.302084,0.4,308.0,5800.0,6600.0,6300.0,94.14
2022-01-12,20.249998,1.2,308.0,5800.0,6600.0,6300.0,94.14
2022-01-13,20.108334,0.2,288.0,5751.0,6621.0,6400.0,94.14
2022-01-14,19.839582,0.0,288.0,5751.0,6621.0,6400.0,94.14
2022-01-15,20.345835,0.0,288.0,5751.0,6621.0,6400.0,94.14
2022-01-16,20.729166,0.1,288.0,5751.0,6621.0,6400.0,94.14
2022-01-17,20.5375,0.0,366.0,5700.0,6621.0,6320.0,94.14
2022-01-18,20.252085,0.0,256.0,5726.0,6592.0,6300.0,94.14
2022-01-19,21.133331,0.0,346.0,5700.0,6632.0,6400.0,94.14
2022-01-20,21.825003,0.0,300.0,5700.0,6625.0,6400.0,94.14
2022-01-21,21.837502,0.0,428.0,6100.0,6651.0,6400.0,94.14
2022-01-22,20.745832,0.0,327.0,5900.0,6620.0,6400.0,94.14
2022-01-23,18.11875,0.0,327.0,5900.0,6620.0,6400.0,94.14
2022-01-24,18.254166,0.0,399.0,6000.0,6591.0,6300.0,94.14
2022-01-25,18.710417,0.0,347.0,5311.0,6550.0,6200.0,94.14
2022-01-26,19.089584,0.0,347.0,5311.0,6550.0,6200.0,94.14
2022-01-27,18.802084,0.0,296.0,6000.0,6399.0,6100.0,94.14
2022-01-28,18.495834,0.0,369.0,5700.0,6399.0,6000.0,94.14
2022-01-29,20.177084,0.0,402.0,5703.0,6450.0,6150.0,94.14
2022-01-30,21.847921,0.0,402.0,5703.0,6450.0,6150.0,94.14
2022-01-31,21.658335,0.0,402.0,5703.0,6450.0,6150.0,94.14
2022-02-01,22.731249,0.0,277.0,5507.0,6399.0,6100.0,94.14
2022-02-02,23.004166,0.0,290.0,5711.0,6511.0,6300.0,94.14
2022-02-03,20.306252,0.0,314.0,5800.0,6575.0,6000.0,94.14
2022-02-04,20.354166,0.0,351.0,5900.0,6518.0,6200.0,94.14
2022-02-05,21.735418,0.0,357.0,5901.0,6516.0,6300.0,94.14
2022-02-06,23.464582,0.0,357.0,5901.0,6516.0,6300.0,94.14
2022-02-07,24.752083,0.0,357.0,5901.0,6516.0,6300.0,94.14
2022-02-08,24.185415,0.0,303.0,5850.0,6385.0,6100.0,94.14
2022-02-09,23.247917,0.0,461.0,5900.0,6407.0,6200.0,94.14
2022-02-10,22.397917,0.0,296.0,6000.0,6462.0,6100.0,94.14
2022-02-11,22.585413,0.0,226.0,6100.0,6514.0,6200.0,94.14
2022-02-12,22.38125,0.0,312.0,6100.0,6629.0,6400.0,94.14
2022-02-13,23.824999,0.0,312.0,6100.0,6629.0,6400.0,94.14
2022-02-14,24.649996,0.0,392.0,6200.0,6700.0,6400.0,94.14
2022-02-15,24.779167,0.1,336.0,5900.0,6599.0,6200.0,94.14
2022-02-16,24.297918,0.0,248.0,6000.0,6600.0,6200.0,94.14
2022-02-17,24.800001,0.0,289.0,6000.0,6599.0,6200.0,94.14
2022-02-18,25.668749,0.0,375.0,6100.0,6599.0,6200.0,94.14
2022-02-19,25.34583,0.0,375.0,6100.0,6599.0,6200.0,94.14
2022-02-20,24.25,0.0,375.0,6100.0,6599.0,6200.0,94.14
2022-02-21,25.035418,0.0,9.0,5700.0,6021.0,5950.0,94.14
2022-02-21,25.035418,0.0,337.0,5900.0,6561.0,6300.0,94.14
2022-02-22,26.129168,0.0,305.0,5900.0,6499.0,6100.0,94.14
2022-02-23,26.295835,0.0,325.0,6300.0,6600.0,6500.0,94.14
2022-02-24,26.010416,0.0,381.0,6000.0,6552.0,6300.0,94.14
2022-02-25,26.554167,0.0,285.0,6000.0,6600.0,6400.0,94.14
2022-02-26,26.064583,0.0,226.0,6000.0,6600.0,6200.0,94.14
2022-02-27,26.331251,0.0,226.0,6000.0,6600.0,6200.0,94.14
2022-02-28,26.518751,0.0,294.0,6100.0,6611.0,6300.0,94.14
2022-03-01,27.183332,0.0,294.0,6100.0,6611.0,6300.0,94.14
2022-03-02,26.481249,0.0,294.0,6100.0,6611.0,6300.0,94.14
2022-03-03,26.745834,0.0,410.0,6000.0,6654.0,6300.0,94.14
2022-03-03,26.745834,0.0,1.0,6200.0,6200.0,6200.0,94.14
2022-03-04,26.28333,0.0,423.0,6100.0,6636.0,6300.0,94.14
2022-03-05,26.266665,0.0,233.0,5800.0,6631.0,6300.0,94.14
2022-03-06,26.80417,0.0,233.0,5800.0,6631.0,6300.0,94.14
2022-03-07,27.304167,0.0,298.0,6060.0,6675.0,6400.0,94.14
2022-03-08,26.447916,0.1,350.0,6011.0,6620.0,6300.0,94.14
2022-03-09,26.220835,0.0,315.0,6000.0,6675.0,6400.0,94.14
2022-03-10,25.98958,0.2,410.0,5900.0,6551.0,6300.0,94.14
2022-03-11,25.747917,1.0,268.0,6000.0,6601.0,6400.0,94.14
2022-03-12,27.243752,0.0,362.0,5800.0,6690.0,6500.0,94.14
2022-03-13,26.852081,0.0,362.0,5800.0,6690.0,6500.0,94.14
2022-03-14,27.80417,0.0,299.0,5700.0,6680.0,6450.0,94.14
2022-03-15,28.387503,0.0,495.0,6190.0,6800.0,6700.0,94.14
2022-03-16,28.937502,0.0,226.0,6191.0,6611.0,6500.0,94.14
2022-03-17,29.245832,0.0,271.0,5780.0,6611.0,6500.0,94.14
2022-03-18,29.772919,0.0,271.0,5780.0,6611.0,6500.0,94.14
2022-03-19,29.304167,0.0,271.0,5780.0,6611.0,6500.0,94.14
2022-03-20,29.706251,0.0,271.0,5780.0,6611.0,6500.0,94.14
2022-03-21,29.25208,0.0,271.0,5780.0,6611.0,6500.0,94.14
2022-03-22,29.541664,0.0,271.0,5780.0,6611.0,6500.0,94.14
2022-03-23,30.039587,0.0,356.0,5700.0,6550.0,6400.0,94.14
2022-03-24,30.9125,0.0,448.0,5700.0,6471.0,6300.0,94.14
2022-03-25,30.366667,0.0,128.0,5770.0,6561.0,6400.0,94.14
2022-03-26,31.26042,0.0,200.0,5803.0,6581.0,6400.0,94.14
2022-03-27,31.112495,0.0,200.0,5803.0,6581.0,6400.0,94.14
2022-03-28,31.008337,0.0,243.0,6101.0,6511.0,6450.0,94.14
2022-03-29,31.072916,0.0,269.0,5830.0,6700.0,6625.0,94.14
2022-03-30,30.491669,0.0,269.0,5830.0,6700.0,6625.0,94.14
2022-03-31,30.733337,0.0,269.0,5830.0,6700.0,6625.0,94.14
2022-04-01,30.627083,0.0,269.0,5830.0,6700.0,6625.0,94.14
2022-04-02,31.33542,0.0,269.0,5830.0,6700.0,6625.0,94.14
2022-04-03,32.214584,0.0,269.0,5830.0,6700.0,6625.0,94.14
2022-04-04,31.856247,0.0,269.0,5830.0,6700.0,6625.0,94.14
2022-04-05,31.837502,0.0,269.0,5830.0,6700.0,6625.0,94.14
2022-04-06,32.497917,0.0,269.0,5830.0,6700.0,6625.0,94.14
2022-04-07,32.23959,0.0,269.0,5830.0,6700.0,6625.0,94.14
2022-04-08,32.31667,0.0,269.0,5830.0,6700.0,6625.0,94.14
2022-04-09,32.40625,0.0,269.0,5830.0,6700.0,6625.0,94.14
2022-04-10,32.625,0.0,269.0,5830.0,6700.0,6625.0,94.14
2022-04-11,33.31458,0.0,269.0,5830.0,6700.0,6625.0,94.14
2022-04-12,32.45834,0.0,269.0,5830.0,6700.0,6625.0,94.14
2022-04-13,31.554163,0.1,269.0,5830.0,6700.0,6625.0,94.14
2022-04-14,31.722918,0.0,269.0,5830.0,6700.0,6625.0,94.14
2022-04-15,32.4125,0.0,269.0,5830.0,6700.0,6625.0,94.14
2022-04-16,32.15,0.0,269.0,5830.0,6700.0,6625.0,94.14
2022-04-17,32.46458,0.0,269.0,5830.0,6700.0,6625.0,94.14
2022-04-18,33.054165,0.0,269.0,5830.0,6700.0,6625.0,94.14
2022-04-19,33.435417,0.0,269.0,5830.0,6700.0,6625.0,94.14
2022-04-20,33.24583,0.1,269.0,5830.0,6700.0,6625.0,94.14
2022-04-21,31.914587,0.2,269.0,5830.0,6700.0,6625.0,94.14
2022-04-22,30.616669,0.0,269.0,5830.0,6700.0,6625.0,94.14
2022-04-23,29.581253,0.1,269.0,5830.0,6700.0,6625.0,94.14
2022-04-24,32.014584,0.6,269.0,5830.0,6700.0,6625.0,94.14
2022-04-25,33.51875,0.0,269.0,5830.0,6700.0,6625.0,94.14
2022-04-26,33.993748,0.0,269.0,5830.0,6700.0,6625.0,94.14
2022-04-27,33.03542,0.8,269.0,5830.0,6700.0,6625.0,94.14
2022-04-28,33.939587,0.0,269.0,5830.0,6700.0,6625.0,94.14
2022-04-29,33.47292,0.0,269.0,5830.0,6700.0,6625.0,94.14
2022-04-30,32.74584,0.0,269.0,5830.0,6700.0,6625.0,94.14
2022-05-01,33.202084,0.0,269.0,5830.0,6700.0,6625.0,94.14
2022-05-02,33.364586,0.0,324.0,5200.0,6155.0,6000.0,104.77
2022-05-03,33.27708,0.0,324.0,5200.0,6155.0,6000.0,104.77
2022-05-04,32.80625,0.0,271.0,5200.0,6155.0,6000.0,104.77
2022-05-05,32.658333,0.0,216.0,5900.0,6299.0,6150.0,104.77
2022-05-06,33.697918,0.0,150.0,5700.0,6280.0,6100.0,104.77
2022-05-07,33.577076,0.0,183.0,5200.0,6300.0,6050.0,104.77
2022-05-08,34.17083,0.0,183.0,5200.0,6300.0,6050.0,104.77
2022-05-09,35.118755,0.0,201.0,5200.0,6275.0,6100.0,104.77
2022-05-10,33.516663,0.0,235.0,5000.0,6255.0,6100.0,104.77
2022-05-11,32.7,0.0,226.0,5650.0,6264.0,6100.0,104.77
2022-05-12,32.322914,0.0,135.0,5900.0,6200.0,6100.0,104.77
2022-05-13,33.779167,0.0,252.0,5801.0,6250.0,6100.0,104.77
2022-05-14,34.377083,0.0,252.0,5801.0,6250.0,6100.0,104.77
2022-05-15,33.858334,0.0,252.0,5801.0,6250.0,6100.0,104.77
2022-05-16,32.99167,0.0,252.0,5801.0,6250.0,6100.0,104.77
2022-05-17,31.612501,0.5,217.0,5600.0,6131.0,6000.0,104.77
2022-05-17,31.612501,0.5,4.0,5300.0,5500.0,5400.0,104.77
2022-05-18,29.53125,0.9,216.0,5600.0,6151.0,6000.0,104.77
2022-05-19,27.612495,12.0,172.0,5400.0,6200.0,6100.0,104.77
2022-05-20,28.72083,0.1,251.0,5500.0,6200.0,6100.0,104.77
2022-05-21,29.410418,0.0,214.0,5250.0,6200.0,6000.0,104.77
2022-05-22,29.954168,0.0,214.0,5250.0,6200.0,6000.0,104.77
2022-05-23,30.564589,0.0,212.0,5401.0,6204.0,6100.0,104.77
2022-05-24,31.4125,0.0,157.0,4902.0,6232.0,6140.0,104.77
2022-05-25,31.593752,0.1,252.0,5400.0,6271.0,6000.0,104.77
2022-05-26,31.310417,0.0,227.0,5811.0,6280.0,6100.0,104.77
2022-05-27,31.127085,0.0,298.0,5171.0,6221.0,6050.0,104.77
2022-05-28,31.608335,0.0,223.0,5270.0,6200.0,6160.0,104.77
2022-05-29,31.922913,0.0,223.0,5270.0,6200.0,6160.0,104.77
2022-05-30,31.608337,0.6,223.0,5270.0,6200.0,6160.0,104.77
2022-05-31,29.127083,2.1000001,223.0,5270.0,6200.0,6160.0,104.77
2022-06-01,32.054165,0.0,123.0,5500.0,6171.0,6000.0,111.35
2022-06-02,32.233334,0.0,123.0,5500.0,6171.0,6000.0,111.35
2022-06-03,33.35,0.0,123.0,5500.0,6171.0,6000.0,111.35
2022-06-04,33.325,0.0,145.0,5001.0,6141.0,6000.0,111.35
2022-06-05,31.12292,0.0,145.0,5001.0,6141.0,6000.0,111.35
2022-06-06,31.968748,0.0,145.0,5001.0,6141.0,6000.0,111.35
2022-06-07,30.464586,0.6,188.0,5341.0,6399.0,6000.0,111.35
2022-06-07,30.464586,0.6,1.0,4800.0,5001.0,4900.0,111.35
2022-06-08,30.054163,0.0,1.0,4800.0,5001.0,4900.0,111.35
2022-06-09,30.187498,0.2,116.0,5300.0,6441.0,6330.0,111.35
2022-06-10,27.4375,4.7999997,231.0,5600.0,6200.0,6100.0,111.35
2022-06-11,26.872915,3.2999997,137.0,5200.0,6241.0,6100.0,111.35
2022-06-11,26.872915,3.2999997,2.0,5551.0,5551.0,5551.0,111.35
2022-06-12,28.327085,0.8,2.0,5551.0,5551.0,5551.0,111.35
2022-06-13,27.241667,11.7,4.0,5200.0,5200.0,5200.0,111.35
2022-06-13,27.241667,11.7,209.0,5499.0,6150.0,6000.0,111.35
2022-06-14,28.754166,0.0,288.0,5153.0,6151.0,6000.0,111.35
2022-06-15,28.59583,2.3999996,135.0,5401.0,6140.0,6000.0,111.35
2022-06-16,27.708334,6.6,135.0,5401.0,6140.0,6000.0,111.35
2022-06-17,26.166662,14.000001,95.0,5000.0,6325.0,6200.0,111.35
2022-06-18,26.8125,3.7,168.0,5100.0,6500.0,6300.0,111.35
2022-06-19,27.008333,2.1,168.0,5100.0,6500.0,6300.0,111.35
2022-06-20,25.96875,7.2999997,178.0,5690.0,6370.0,6200.0,111.35
2022-06-21,25.483335,5.4,191.0,5451.0,6376.0,6200.0,111.35
2022-06-22,27.01667,0.3,197.0,5340.0,6390.0,6250.0,111.35
2022-06-23,26.70833,1.1,113.0,5500.0,6500.0,6400.0,111.35
2022-06-24,25.379166,3.6999998,110.0,5000.0,6606.0,6400.0,111.35
2022-06-25,24.056252,8.500001,88.0,5200.0,6700.0,6400.0,111.35
2022-06-26,24.325003,22.2,88.0,5200.0,6700.0,6400.0,111.35
2022-06-27,24.797918,4.4999995,120.0,5500.0,6661.0,6500.0,111.35
2022-06-28,25.627083,8.500001,120.0,5500.0,6661.0,6500.0,111.35
2022-06-29,25.35,6.3,97.0,5500.0,6800.0,6780.0,111.35
2022-06-30,25.566668,11.5,142.0,5501.0,6900.0,6620.0,111.35
2022-07-01,25.9625,2.3,142.0,5501.0,6900.0,6620.0,111.35
2022-07-02,25.666666,1.3000001,142.0,5501.0,6900.0,6620.0,111.35
2022-07-03,24.479166,8.8,142.0,5501.0,6900.0,6620.0,111.35
2022-07-04,23.752083,21.1,110.0,5000.0,6700.0,6500.0,97.28
2022-07-04,23.752083,21.1,2.0,5300.0,5300.0,5300.0,97.28
2022-07-05,23.812498,6.9999995,98.0,5600.0,6791.0,6500.0,97.28
2022-07-06,24.335417,5.0999994,94.0,6000.0,6671.0,6500.0,97.28
2022-07-07,23.097918,23.8,89.0,6101.0,7001.0,6700.0,97.28
2022-07-08,22.591667,43.800003,126.0,5201.0,7150.0,6860.0,97.28
2022-07-09,22.512503,16.3,98.0,5800.0,6861.0,6670.0,97.28
2022-07-10,22.731249,8.4,98.0,5800.0,6861.0,6670.0,97.28
2022-07-11,22.349998,20.300001,76.0,6011.0,7200.0,7000.0,97.28
2022-07-12,21.856249,54.400005,90.0,6401.0,6700.0,6600.0,97.28
2022-07-13,23.045832,6.899999,27.0,5700.0,6824.0,6600.0,97.28
2022-07-14,24.037498,3.1000001,65.0,5970.0,6700.0,6400.0,97.28
2022-07-15,24.597916,1.6,22.0,6080.0,6990.0,6900.0,97.28
2022-07-16,25.175001,18.8,22.0,6080.0,6990.0,6900.0,97.28
2022-07-17,23.489584,15.400001,22.0,6080.0,6990.0,6900.0,97.28
2022-07-18,24.860415,1.5,23.0,5200.0,7201.0,6900.0,97.28
2022-07-19,25.291666,0.9,109.0,7000.0,7500.0,7200.0,97.28
2022-07-20,25.4125,0.6,48.0,5711.0,7500.0,7200.0,97.28
2022-07-21,24.80208,6.8999996,98.0,5800.0,7251.0,6900.0,97.28
2022-07-22,22.997915,12.699999,140.0,5450.0,7200.0,7000.0,97.28
2022-07-23,23.329168,7.5999994,140.0,5450.0,7200.0,7000.0,97.28
2022-07-24,24.05625,6.4999995,140.0,5450.0,7200.0,7000.0,97.28
2022-07-25,23.041666,13.900001,74.0,6100.0,7301.0,7025.0,97.28
2022-07-26,23.947916,5.1,61.0,6690.0,7301.0,7200.0,97.28
2022-07-27,24.716665,8.099999,65.0,6001.0,7400.0,7312.0,97.28
2022-07-28,25.247917,7.799999,65.0,6001.0,7400.0,7312.0,97.28
2022-07-29,25.022917,2.3,46.0,6701.0,7650.0,7400.0,97.28
2022-07-30,24.962502,0.5,46.0,6701.0,7650.0,7400.0,97.28
2022-07-31,25.38542,2.4,46.0,6701.0,7650.0,7400.0,97.28
2022-08-01,25.572916,0.5,46.0,6701.0,7650.0,7400.0,97.28
2022-08-02,25.15,7.999999,43.0,6700.0,7770.0,7500.0,94.27
2022-08-03,24.564583,23.599998,43.0,6700.0,7770.0,7500.0,94.27
2022-08-04,24.45208,13.3,72.0,6500.0,7900.0,7600.0,94.27
2022-08-05,24.416666,10.000001,24.0,6000.0,8100.0,8000.0,94.27
2022-08-06,23.78125,28.400002,56.0,6801.0,8411.0,8200.0,94.27
2022-08-07,22.797918,40.000004,56.0,6801.0,8411.0,8200.0,94.27
2022-08-08,23.304167,6.1,89.0,6700.0,8800.0,8000.0,94.27
2022-08-09,23.597916,3.4999995,89.0,6700.0,8800.0,8000.0,94.27
2022-08-10,24.599998,0.7,77.0,6500.0,8391.0,8000.0,94.27
2022-08-11,25.039583,1.3000001,77.0,6500.0,8391.0,8000.0,94.27
2022-08-12,24.237503,11.8,73.0,6500.0,7901.0,7571.0,94.27
2022-08-13,23.560417,2.1999998,44.0,6000.0,7880.0,7350.0,94.27
2022-08-14,22.841667,5.5,44.0,6000.0,7880.0,7350.0,94.27
2022-08-15,23.695833,0.70000005,44.0,6000.0,7880.0,7350.0,94.27
2022-08-16,24.360418,1.0,55.0,6000.0,8140.0,7700.0,94.27
2022-08-17,24.633331,1.5,39.0,6701.0,8200.0,8100.0,94.27
2022-08-18,24.699999,0.5,23.0,5600.0,8190.0,7660.0,94.27
2022-08-19,24.383333,4.9,23.0,5600.0,8190.0,7660.0,94.27
2022-08-20,24.93125,1.0000001,40.0,6401.0,8200.0,8006.0,94.27
2022-08-21,24.668753,3.3,40.0,6401.0,8200.0,8006.0,94.27
2022-08-22,25.077085,1.3,53.0,7000.0,7970.0,7700.0,94.27
2022-08-23,24.620834,4.4,53.0,7000.0,7970.0,7700.0,94.27
2022-08-24,24.729166,0.70000005,44.0,6500.0,7802.0,7200.0,94.27
2022-08-25,24.485418,2.1000001,25.0,4700.0,7500.0,7250.0,94.27
2022-08-26,24.833336,1.3000001,25.0,4700.0,7500.0,7250.0,94.27
2022-08-27,25.131248,0.4,30.0,5000.0,7500.0,7250.0,94.27
2022-08-28,25.254168,0.8000001,30.0,5000.0,7500.0,7250.0,94.27
2022-08-29,24.977083,9.700001,30.0,5000.0,7500.0,7250.0,94.27
2022-08-30,25.081253,14.400001,75.0,6100.0,7801.0,7500.0,94.27
2022-08-31,24.80625,1.4000002,75.0,6100.0,7801.0,7500.0,94.27
2022-09-01,25.560417,7.0999994,75.0,6100.0,7801.0,7500.0,94.27
2022-09-02,26.264585,12.400001,75.0,6100.0,7801.0,7500.0,94.27
2022-09-03,24.387503,27.099998,94.0,6501.0,7701.0,7160.0,94.27
2022-09-04,24.104164,4.3999996,94.0,6501.0,7701.0,7160.0,94.27
2022-09-05,24.277082,12.6,94.0,6501.0,7701.0,7160.0,94.27
2022-09-06,24.13125,11.1,94.0,6501.0,7701.0,7160.0,94.27
2022-09-07,23.983335,19.100006,30.0,6200.0,7500.0,7100.0,94.27
2022-09-08,24.225,16.3,37.0,5201.0,7700.0,7200.0,94.27
2022-09-09,23.566666,16.9,37.0,5201.0,7700.0,7200.0,94.27
2022-09-10,23.554167,11.2,53.0,6500.0,7500.0,7000.0,94.27
2022-09-11,23.414581,6.399999,53.0,6500.0,7500.0,7000.0,94.27
2022-09-12,24.270836,4.3999996,53.0,6500.0,7500.0,7000.0,94.27
2022-09-13,24.697916,1.9,53.0,6500.0,7500.0,7000.0,94.27
2022-09-14,24.585419,0.8000001,44.0,6000.0,7400.0,7100.0,94.27
2022-09-15,24.216667,0.90000004,29.0,6336.0,7900.0,7500.0,94.27
2022-09-16,24.387503,3.0,29.0,6336.0,7900.0,7500.0,94.27
2022-09-17,24.175001,1.2,29.0,6336.0,7900.0,7500.0,94.27
2022-09-18,23.418747,3.2999997,29.0,6336.0,7900.0,7500.0,94.27
2022-09-19,22.922915,6.3999996,29.0,6336.0,7900.0,7500.0,94.27
2022-09-20,24.027079,0.4,69.0,6600.0,7850.0,7500.0,94.27
2022-09-21,23.579165,1.2,69.0,6600.0,7850.0,7500.0,94.27
2022-09-22,23.554169,0.6,57.0,5000.0,8000.0,7700.0,94.27
2022-09-23,23.656248,0.6,46.0,6650.0,7760.0,7370.0,94.27
2022-09-24,23.704168,1.8000001,50.0,6500.0,8100.0,7500.0,94.27
2022-09-25,23.802084,2.5,50.0,6500.0,8100.0,7500.0,94.27
2022-09-26,24.102081,1.1,50.0,6500.0,8100.0,7500.0,94.27
2022-09-27,24.195833,8.2,50.0,6500.0,8100.0,7500.0,94.27
2022-09-28,24.06875,13.400001,34.0,6211.0,7641.0,7500.0,94.27
2022-09-29,24.829168,0.1,69.0,6400.0,7500.0,7300.0,94.27
2022-09-30,24.900002,0.5,38.0,6300.0,7400.0,7151.0,94.27
2022-10-01,24.545835,0.2,38.0,6300.0,7400.0,7151.0,94.27
2022-10-02,24.643751,0.5,38.0,6300.0,7400.0,7151.0,94.27
2022-10-03,25.000002,0.0,22.0,6300.0,7700.0,7171.0,94.27
2022-10-04,25.425001,4.0,38.0,6100.0,7401.0,7100.0,94.27
2022-10-05,22.466667,28.999998,38.0,6100.0,7401.0,7100.0,94.27
2022-10-06,23.283333,3.7999997,43.0,6100.0,7500.0,7000.0,94.27
2022-10-07,24.133333,0.5,23.0,5900.0,7501.0,7400.0,94.27
2022-10-08,24.460417,9.7,18.0,6201.0,7700.0,7250.0,94.27
2022-10-09,23.333334,15.400001,18.0,6201.0,7700.0,7250.0,94.27
2022-10-10,23.543749,10.5,28.0,6000.0,7851.0,7500.0,94.27
2022-10-11,23.306252,5.5,28.0,6000.0,7851.0,7500.0,94.27
2022-10-12,23.114586,6.1000004,20.0,6100.0,7700.0,7140.0,94.27
2022-10-13,22.529165,4.9999995,39.0,6565.0,7850.0,7500.0,94.27
2022-10-14,23.679167,0.2,16.0,5800.0,7700.0,7250.0,94.27
2022-10-15,22.641668,16.1,19.0,6400.0,7651.0,7300.0,94.27
2022-10-16,24.075003,0.6,19.0,6400.0,7651.0,7300.0,94.27
2022-10-17,23.412498,1.6000001,19.0,5200.0,7800.0,7500.0,94.27
2022-10-18,23.3375,2.6000001,56.0,5500.0,7300.0,7200.0,94.27
2022-10-19,23.235418,7.2,33.0,5000.0,7601.0,7450.0,94.27
2022-10-20,23.23542,2.7,39.0,6000.0,7601.0,7480.0,94.27
2022-10-21,22.352081,0.0,39.0,6000.0,7601.0,7480.0,94.27
2022-10-22,20.672916,0.0,39.0,6000.0,7601.0,7480.0,94.27
2022-10-23,20.275,0.0,39.0,6000.0,7601.0,7480.0,94.27
2022-10-24,20.816668,0.0,39.0,6000.0,7601.0,7480.0,94.27
2022-10-25,20.9125,0.0,39.0,6000.0,7601.0,7480.0,94.27
2022-10-26,20.98958,0.0,55.0,7700.0,8251.0,8000.0,94.27
2022-10-27,20.893751,0.0,55.0,7700.0,8251.0,8000.0,94.27
2022-10-28,20.385418,0.0,23.0,7000.0,8200.0,8000.0,94.27
2022-10-29,20.70625,0.0,32.0,6000.0,8000.0,7500.0,94.27
2022-10-30,20.566664,0.0,32.0,6000.0,8000.0,7500.0,94.27
2022-10-31,21.239584,0.0,29.0,6300.0,8011.0,7450.0,94.27
2022-11-01,22.941666,0.0,63.0,6300.0,7900.0,7400.0,94.27
2022-11-02,21.88542,0.0,41.0,6602.0,7700.0,7400.0,94.27
2022-11-03,21.875,0.0,24.0,6500.0,7600.0,7400.0,94.27
2022-11-04,21.5875,0.0,49.0,6000.0,7827.0,7100.0,94.27
2022-11-05,21.770834,0.0,24.0,6000.0,7500.0,7200.0,94.27
2022-11-06,22.520834,0.0,24.0,6000.0,7500.0,7200.0,94.27
2022-11-07,23.533335,0.0,27.0,6401.0,7200.0,7000.0,94.27
2022-11-08,22.097916,0.0,33.0,5000.0,7601.0,7200.0,94.27
2022-11-09,21.208334,0.0,26.0,6700.0,7600.0,7400.0,94.27
2022-11-10,21.722918,0.0,13.0,6500.0,7600.0,7400.0,94.27
2022-11-11,21.94375,0.0,10.0,6500.0,7700.0,7200.0,94.27
2022-11-12,21.972916,0.0,25.0,5450.0,7201.0,7000.0,94.27
2022-11-13,22.083334,0.0,25.0,5450.0,7201.0,7000.0,94.27
2022-11-14,21.791666,0.0,25.0,5450.0,7201.0,7000.0,94.27
2022-11-15,21.352083,0.0,25.0,5450.0,7201.0,7000.0,94.27
2022-11-16,20.852081,0.0,42.0,5800.0,7400.0,6950.0,94.27
2022-11-17,20.214582,0.0,17.0,5999.0,7350.0,6900.0,94.27
2022-11-18,19.58125,0.0,9.0,6622.0,7500.0,7000.0,94.27
2022-11-19,18.552082,0.0,27.0,6001.0,7300.0,6900.0,94.27
2022-11-20,19.597916,0.0,27.0,6001.0,7300.0,6900.0,94.27
2022-11-21,22.350004,0.0,27.0,6001.0,7300.0,6900.0,94.27
2022-11-22,23.143751,0.0,27.0,6001.0,7300.0,6900.0,94.27
2022-11-23,23.525,0.0,27.0,6001.0,7300.0,6900.0,94.27
2022-11-24,23.80625,0.0,26.0,5500.0,7500.0,6900.0,94.27
2022-11-25,23.570831,0.0,26.0,5500.0,7500.0,6900.0,94.27
2022-11-26,22.974998,0.0,21.0,5702.0,7401.0,7000.0,94.27
2022-11-27,23.59167,0.0,21.0,5702.0,7401.0,7000.0,94.27
2022-11-28,22.258331,0.0,10.0,6200.0,7259.0,6900.0,94.27
2022-11-29,20.75,0.0,10.0,6200.0,7259.0,6900.0,94.27
2022-11-30,21.089584,0.0,11.0,5050.0,7351.0,7100.0,94.27
2022-12-01,23.074999,0.0,11.0,5050.0,7351.0,7100.0,94.27
2022-12-02,23.570833,0.0,31.0,5100.0,7400.0,7000.0,94.27
2022-12-03,23.781252,0.3,15.0,5500.0,7165.0,7000.0,94.27
2022-12-04,23.366669,0.0,15.0,5500.0,7165.0,7000.0,94.27
2022-12-05,22.472918,0.0,15.0,5500.0,7165.0,7000.0,94.27
2022-12-06,22.231249,0.0,15.0,5500.0,7165.0,7000.0,94.27
2022-12-07,19.949999,0.0,15.0,5500.0,7165.0,7000.0,94.27
2022-12-08,19.225,0.0,24.0,6001.0,7331.0,6900.0,94.27
2022-12-09,21.289585,0.0,12.0,5000.0,7460.0,6900.0,94.27
2022-12-10,22.608335,5.3,17.0,5000.0,7300.0,7000.0,94.27
2022-12-11,22.481253,11.099999,17.0,5000.0,7300.0,7000.0,94.27
2022-12-12,22.660418,0.70000005,10.0,5800.0,7800.0,7300.0,94.27
2022-12-13,23.097916,0.0,19.0,5100.0,7511.0,7100.0,94.27
2022-12-14,23.200003,0.0,19.0,5750.0,7321.0,7000.0,94.27
2022-12-15,23.354166,0.0,22.0,6201.0,7141.0,7030.0,94.27
2022-12-16,23.516665,0.0,9.0,6300.0,7811.0,7240.0,94.27
2022-12-17,21.745834,0.0,13.0,6290.0,7541.0,6800.0,94.27
2022-12-18,20.647917,0.0,13.0,6290.0,7541.0,6800.0,94.27
2022-12-19,21.125,0.0,26.0,6000.0,7020.0,6850.0,94.27
2022-12-20,21.8125,0.0,14.0,6401.0,7500.0,6900.0,94.27
2022-12-21,21.918753,0.0,14.0,6401.0,7500.0,6900.0,94.27
2022-12-22,22.01042,0.0,14.0,6401.0,7500.0,6900.0,94.27
2022-12-23,22.625,0.0,14.0,6401.0,7500.0,6900.0,94.27
2022-12-24,22.135416,0.0,18.0,5101.0,7101.0,6800.0,94.27
2022-12-25,22.875,0.0,18.0,5101.0,7101.0,6800.0,94.27
2022-12-26,24.0625,0.0,18.0,5101.0,7101.0,6800.0,94.27
2022-12-27,23.829165,0.0,18.0,5101.0,7101.0,6800.0,94.27
2022-12-28,23.231253,0.0,41.0,6350.0,7452.0,7340.0,94.27
2022-12-29,23.1,0.0,17.0,5500.0,7500.0,7300.0,94.27
2022-12-30,22.96875,0.0,17.0,5500.0,7500.0,7300.0,94.27
2022-12-31,22.156252,0.0,17.0,5500.0,7500.0,7300.0,94.27
2023-01-01,22.0875,0.0,17.0,5500.0,7500.0,7300.0,94.27
2023-01-02,22.254168,0.0,44.0,5650.0,7450.0,7200.0,94.27
2023-01-03,22.666664,0.0,31.0,6101.0,7500.0,7400.0,94.27
2023-01-04,22.187498,0.2,46.0,5361.0,7554.0,7400.0,94.27
2023-01-05,21.425001,0.3,112.0,5801.0,7580.0,7350.0,94.27
2023-01-06,20.925001,0.0,106.0,6381.0,7580.0,7450.0,94.27
2023-01-07,19.018751,0.0,114.0,6100.0,7569.0,7400.0,94.27
2023-01-08,18.2125,0.0,114.0,6100.0,7569.0,7400.0,94.27
2023-01-09,18.916666,0.0,146.0,6000.0,7501.0,7200.0,94.27
2023-01-10,20.5375,0.0,127.0,6501.0,7430.0,7200.0,94.27
2023-01-11,20.741669,0.0,160.0,5600.0,7500.0,7300.0,94.27
2023-01-12,20.147917,0.0,182.0,6500.0,7561.0,7400.0,94.27
2023-01-13,20.612497,0.0,182.0,6500.0,7561.0,7400.0,94.27
2023-01-14,21.29167,0.0,190.0,6230.0,7600.0,7500.0,94.27
2023-01-15,22.035418,0.0,190.0,6230.0,7600.0,7500.0,94.27
2023-01-16,22.197916,0.0,190.0,6230.0,7600.0,7500.0,94.27
2023-01-17,22.154165,0.0,157.0,6000.0,7561.0,7300.0,94.27
2023-01-18,22.452082,0.0,157.0,6000.0,7561.0,7300.0,94.27
2023-01-19,22.112501,0.0,157.0,6000.0,7561.0,7300.0,94.27
2023-01-20,22.908333,0.0,196.0,6800.0,7500.0,7350.0,94.27
2023-01-21,22.63125,0.0,196.0,6800.0,7500.0,7350.0,94.27
2023-01-22,22.487501,0.0,196.0,6800.0,7500.0,7350.0,94.27
2023-01-23,23.470835,0.0,224.0,6600.0,7414.0,7150.0,94.27
2023-01-24,23.829168,0.0,223.0,6500.0,7351.0,7200.0,94.27
2023-01-24,23.829168,0.0,1.0,6811.0,6811.0,6811.0,94.27
2023-01-25,23.466667,0.0,288.0,6311.0,7200.0,7150.0,94.27
2023-01-26,22.764582,0.0,288.0,6311.0,7200.0,7150.0,94.27
2023-01-27,22.535416,0.0,330.0,6600.0,7301.0,7200.0,94.27
2023-01-28,23.24375,0.0,238.0,6462.0,7389.0,7250.0,94.27
2023-01-29,23.456251,0.0,238.0,6462.0,7389.0,7250.0,94.27
2023-01-30,22.877083,0.5,292.0,6811.0,7495.0,7300.0,94.27
2023-01-31,22.964582,0.0,331.0,6811.0,7400.0,7250.0,94.27
2023-02-01,22.46667,0.0,331.0,6811.0,7400.0,7250.0,94.27
2023-02-02,21.720833,0.0,330.0,6500.0,7501.0,7300.0,94.27
2023-02-03,22.01667,0.0,214.0,6760.0,7411.0,7300.0,94.27
2023-02-04,22.258333,0.0,181.0,6700.0,7450.0,7300.0,94.27
2023-02-05,23.63542,0.0,181.0,6700.0,7450.0,7300.0,94.27
2023-02-06,23.972918,0.0,281.0,6500.0,7400.0,7300.0,94.27
2023-02-07,23.858335,0.0,10.0,6700.0,6900.0,6800.0,94.27
2023-02-08,24.11458,0.0,311.0,6880.0,7503.0,7300.0,94.27
2023-02-09,24.643751,0.0,214.0,6401.0,7575.0,7400.0,94.27
2023-02-10,25.031252,0.0,220.0,7090.0,7600.0,7500.0,94.27
2023-02-11,24.237501,0.0,375.0,6300.0,7530.0,7400.0,94.27
2023-02-12,22.94375,0.0,375.0,6300.0,7530.0,7400.0,94.27
2023-02-13,22.497915,0.0,261.0,7250.0,8000.0,7850.0,94.27
2023-02-14,23.683332,0.0,208.0,7240.0,7800.0,7650.0,94.27
2023-02-14,23.683332,0.0,6.0,7200.0,7311.0,7200.0,94.27
2023-02-15,23.635416,0.0,214.0,6900.0,7902.0,7700.0,94.27
2023-02-15,23.635416,0.0,1.0,7200.0,7200.0,7200.0,94.27
2023-02-16,23.693748,0.0,2.0,7400.0,7500.0,7500.0,94.27
2023-02-16,23.693748,0.0,317.0,7600.0,8221.0,8000.0,94.27
2023-02-17,23.57292,0.0,194.0,7200.0,8100.0,7850.0,94.27
2023-02-17,23.57292,0.0,10.0,7100.0,7400.0,7300.0,94.27
2023-02-18,24.008337,0.0,10.0,7100.0,7400.0,7300.0,94.27
2023-02-19,24.70833,0.0,10.0,7100.0,7400.0,7300.0,94.27
2023-02-20,26.062498,0.0,10.0,7100.0,7400.0,7300.0,94.27
2023-02-21,26.285418,0.0,239.0,6500.0,8031.0,7800.0,94.27
2023-02-22,25.97917,0.0,394.0,7551.0,8140.0,8000.0,94.27
2023-02-23,25.80208,0.0,138.0,7301.0,8294.0,8000.0,94.27
2023-02-24,26.487501,0.0,126.0,7692.0,8300.0,8100.0,94.27
2023-02-24,26.487501,0.0,11.0,7200.0,7401.0,7300.0,94.27
2023-02-25,26.0625,0.0,162.0,7501.0,8300.0,8100.0,94.27
2023-02-26,26.114584,0.0,162.0,7501.0,8300.0,8100.0,94.27
2023-02-27,26.179167,0.0,203.0,7700.0,8440.0,8200.0,94.27
2023-02-28,26.970835,0.0,285.0,7200.0,8251.0,8000.0,94.27
2023-03-01,27.141665,0.0,213.0,7511.0,8275.0,8100.0,94.27
2023-03-02,27.629168,0.0,213.0,7511.0,8275.0,8100.0,94.27
2023-03-03,27.702085,0.0,254.0,7360.0,8200.0,8000.0,94.27
2023-03-04,27.856255,0.0,122.0,7500.0,8324.0,8200.0,94.27
2023-03-05,27.683332,0.0,122.0,7500.0,8324.0,8200.0,94.27
2023-03-06,24.308334,0.0,166.0,7501.0,8351.0,8220.0,94.27
2023-03-07,25.247915,0.0,166.0,7501.0,8351.0,8220.0,94.27
2023-03-08,26.727083,0.0,166.0,7501.0,8351.0,8220.0,94.27
2023-03-09,26.764582,0.0,166.0,7501.0,8351.0,8220.0,94.27
2023-03-10,27.824999,0.0,166.0,7501.0,8351.0,8220.0,94.27
2023-03-11,27.549997,0.0,166.0,7501.0,8351.0,8220.0,94.27
2023-03-12,28.014582,0.0,166.0,7501.0,8351.0,8220.0,94.27
2023-03-13,27.883331,0.0,166.0,7501.0,8351.0,8220.0,94.27
2023-03-14,27.243752,0.0,102.0,7800.0,8301.0,8100.0,94.27
2023-03-15,25.008333,6.7999997,105.0,7501.0,8300.0,8050.0,94.27
2023-03-16,23.758331,3.6,128.0,7681.0,8301.0,8000.0,94.27
2023-03-17,22.214584,1.6,131.0,7500.0,8360.0,8100.0,94.27
2023-03-18,22.970833,0.0,199.0,7601.0,8500.0,8400.0,94.27
2023-03-19,23.24375,0.0,199.0,7601.0,8500.0,8400.0,94.27
2023-03-20,23.941664,0.0,133.0,7599.0,8412.0,8035.0,94.27
2023-03-21,24.641668,0.0,133.0,7599.0,8412.0,8035.0,94.27
2023-03-22,25.631248,0.0,279.0,7850.0,8401.0,8250.0,94.27
2023-03-23,26.656252,0.0,236.0,7601.0,8480.0,8300.0,94.27
2023-03-24,27.889582,0.0,134.0,7701.0,8450.0,8300.0,94.27
2023-03-25,27.729172,0.0,134.0,7701.0,8450.0,8300.0,94.27
2023-03-26,26.741667,0.0,134.0,7701.0,8450.0,8300.0,94.27
2023-03-27,26.89167,0.0,94.0,7800.0,9000.0,8800.0,94.27
2023-03-28,28.343748,0.0,94.0,7800.0,9000.0,8800.0,94.27
2023-03-29,28.468748,0.0,94.0,7800.0,9000.0,8800.0,94.27
2023-03-30,27.4125,0.0,94.0,7800.0,9000.0,8800.0,94.27
2023-03-31,27.481247,0.0,94.0,7800.0,9000.0,8800.0,94.27
2023-04-01,27.639582,0.0,187.0,8075.0,8600.0,8500.0,94.27
2023-04-02,28.69375,0.0,187.0,8075.0,8600.0,8500.0,94.27
2023-04-03,29.118752,0.0,338.0,7812.0,8751.0,8600.0,94.27
2023-04-04,29.579168,0.0,338.0,7812.0,8751.0,8600.0,94.27
2023-04-05,30.491669,0.0,121.0,7799.0,8625.0,8550.0,94.27
2023-04-06,28.274994,6.0,121.0,7799.0,8625.0,8550.0,94.27
2023-04-07,25.287504,3.5,220.0,7025.0,8570.0,8400.0,94.27
2023-04-08,26.622915,0.0,186.0,7499.0,8630.0,8550.0,94.27
2023-04-09,27.664587,0.0,186.0,7499.0,8630.0,8550.0,94.27
2023-04-10,29.533333,0.0,93.0,7612.0,8650.0,8550.0,94.27
2023-04-11,30.339582,0.0,163.0,7200.0,8661.0,8550.0,94.27
2023-04-12,30.312498,0.0,124.0,7501.0,8645.0,8575.0,94.27
2023-04-13,29.270838,0.2,124.0,7501.0,8645.0,8575.0,94.27
2023-04-14,26.610415,0.5,124.0,7501.0,8645.0,8575.0,94.27
2023-04-15,28.82292,0.0,182.0,7801.0,8452.0,8200.0,94.27
2023-04-16,29.479164,0.0,182.0,7801.0,8452.0,8200.0,94.27
2023-04-17,29.310415,0.2,125.0,7601.0,8551.0,8400.0,94.27
2023-04-18,30.612497,0.0,125.0,7601.0,8551.0,8400.0,94.27
2023-04-19,30.07292,0.1,125.0,7601.0,8551.0,8400.0,94.27
2023-04-20,28.88125,0.2,163.0,7880.0,8401.0,8300.0,94.27
2023-04-21,29.666666,0.0,228.0,7500.0,8400.0,8275.0,94.27
2023-04-22,28.183332,0.0,228.0,7500.0,8400.0,8275.0,94.27
2023-04-23,28.820837,0.0,228.0,7500.0,8400.0,8275.0,94.27
2023-04-24,29.481247,0.1,137.0,7500.0,8400.0,8300.0,94.27
2023-04-25,28.59375,7.8999996,184.0,7480.0,8500.0,8300.0,94.27
2023-04-26,27.204168,1.6,133.0,7500.0,8471.0,8300.0,94.27
2023-04-27,24.904165,12.800001,107.0,7500.0,8441.0,8300.0,94.27
2023-04-28,24.568748,6.8,107.0,7500.0,8441.0,8300.0,94.27
2023-04-29,25.495836,4.3,107.0,7500.0,8441.0,8300.0,94.27
2023-04-30,25.481247,0.1,107.0,7500.0,8441.0,8300.0,94.27
2023-05-01,26.139582,0.6,107.0,7500.0,8441.0,8300.0,94.27
2023-05-02,26.758333,0.0,94.0,7700.0,8481.0,8300.0,94.27
2023-05-03,26.047915,0.3,105.0,7400.0,8500.0,8400.0,94.27
2023-05-04,26.041664,0.0,105.0,7700.0,8550.0,8400.0,94.27
2023-05-05,27.879166,0.2,105.0,7700.0,8550.0,8400.0,94.27
2023-05-06,28.2125,0.4,146.0,8000.0,8770.0,8600.0,94.27
2023-05-07,29.258333,1.5,146.0,8000.0,8770.0,8600.0,94.27
2023-05-08,28.960417,0.7,146.0,8000.0,8770.0,8600.0,94.27
2023-05-09,30.902082,0.0,170.0,8000.0,9072.0,8900.0,94.27
2023-05-10,30.962502,0.0,200.0,8100.0,9023.0,8800.0,94.27
2023-05-11,31.158339,0.0,79.0,8000.0,8973.0,8800.0,94.27
2023-05-12,31.766668,0.0,103.0,8200.0,8800.0,8700.0,94.27
2023-05-13,32.077084,0.0,103.0,8200.0,8800.0,8700.0,94.27
2023-05-14,31.856249,0.0,103.0,8200.0,8800.0,8700.0,94.27
2023-05-15,31.591665,0.0,109.0,7900.0,9100.0,8850.0,94.27
2023-05-16,31.345835,0.0,156.0,8200.0,9200.0,9000.0,94.27
2023-05-17,32.458332,0.0,96.0,8500.0,9336.0,9200.0,94.27
2023-05-18,32.80834,0.0,97.0,8701.0,9400.0,9300.0,94.27
2023-05-19,32.866665,0.0,97.0,8701.0,9400.0,9300.0,94.27
2023-05-20,32.775005,0.0,87.0,7800.0,9596.0,9450.0,94.27
2023-05-21,31.939583,0.3,87.0,7800.0,9596.0,9450.0,94.27
2023-05-22,32.897915,0.0,121.0,8500.0,9514.0,9400.0,94.27
2023-05-23,32.966667,0.2,103.0,8500.0,9311.0,9200.0,94.27
2023-05-24,32.46459,0.0,138.0,8500.0,9300.0,9200.0,94.27
2023-05-25,31.245829,0.0,111.0,8611.0,9500.0,9350.0,94.27
2023-05-26,31.602083,0.0,102.0,8700.0,9700.0,9470.0,94.27
2023-05-27,31.704168,0.0,115.0,9010.0,9791.0,9650.0,94.27
2023-05-28,32.54792,0.0,115.0,9010.0,9791.0,9650.0,94.27
2023-05-29,31.329165,0.2,115.0,9010.0,9791.0,9650.0,94.27
2023-05-30,32.608334,0.0,116.0,9250.0,10001.0,9870.0,94.27
2023-05-31,32.69167,0.0,116.0,9250.0,10001.0,9870.0,94.27
2023-06-01,33.187496,0.0,86.0,8501.0,10051.0,9900.0,94.27
2023-06-02,32.329166,0.0,87.0,8600.0,10500.0,9500.0,94.27
2023-06-03,30.577085,0.5,58.0,9190.0,10211.0,10000.0,94.27
2023-06-04,31.27917,0.0,58.0,9190.0,10211.0,10000.0,94.27
2023-06-05,32.7125,0.0,144.0,9000.0,10500.0,10200.0,94.27
2023-06-06,33.141666,0.0,131.0,8700.0,10482.0,10200.0,94.27
2023-06-07,32.50208,0.0,56.0,9000.0,10500.0,10200.0,94.27
2023-06-08,32.614582,0.0,112.0,8800.0,10461.0,10200.0,94.27
2023-06-09,31.533333,0.2,129.0,9651.0,10500.0,10300.0,94.27
2023-06-10,30.289583,0.70000005,80.0,8500.0,10430.0,10100.0,94.27
2023-06-11,31.160418,0.0,80.0,8500.0,10430.0,10100.0,94.27
2023-06-12,30.887499,0.0,129.0,9000.0,10403.0,10200.0,94.27
2023-06-13,30.697914,0.0,207.0,9400.0,10200.0,10000.0,94.27
2023-06-14,30.685417,0.0,88.0,9100.0,10251.0,10100.0,94.27
2023-06-15,30.825003,0.0,52.0,9300.0,10240.0,10000.0,94.27
2023-06-16,30.954168,0.0,91.0,9701.0,10350.0,10100.0,94.27
2023-06-17,30.762497,0.0,91.0,9701.0,10350.0,10100.0,94.27
2023-06-18,31.335417,0.0,91.0,9701.0,10350.0,10100.0,94.27
2023-06-19,31.925001,0.0,98.0,9251.0,10376.0,10100.0,94.27
2023-06-20,31.629168,0.1,97.0,9600.0,10300.0,10150.0,94.27
2023-06-21,31.327082,0.3,39.0,9700.0,10400.0,10200.0,94.27
2023-06-22,30.360418,0.1,54.0,8500.0,10312.0,10200.0,94.27
2023-06-23,26.041666,52.500004,44.0,9400.0,10200.0,10000.0,94.27
2023-06-24,25.358332,10.200001,65.0,8100.0,10226.0,10000.0,94.27
2023-06-25,25.67917,1.4000001,65.0,8100.0,10226.0,10000.0,94.27
2023-06-26,25.5,3.5,65.0,8100.0,10226.0,10000.0,94.27
2023-06-27,25.572916,20.9,65.0,8100.0,10226.0,10000.0,94.27
2023-06-28,26.010422,1.3000001,65.0,8100.0,10226.0,10000.0,94.27
2023-06-29,26.508333,0.9,65.0,8100.0,10226.0,10000.0,94.27
2023-06-30,27.008331,0.90000004,65.0,8100.0,10226.0,10000.0,94.27
2023-07-01,26.925001,1.8000001,62.0,8500.0,10200.0,10000.0,94.27
2023-07-02,27.558336,1.9,62.0,8500.0,10200.0,10000.0,94.27
2023-07-03,27.352081,3.7,50.0,9200.0,10351.0,10000.0,94.27
2023-07-04,26.158333,8.6,29.0,9500.0,10350.0,10200.0,94.27
2023-07-05,24.527082,5.0999994,51.0,8000.0,10331.0,10100.0,94.27
2023-07-06,24.858335,9.000001,51.0,8000.0,10331.0,10100.0,94.27
2023-07-07,25.793749,2.4999998,58.0,9400.0,10300.0,10100.0,94.27
2023-07-08,25.802084,3.0,64.0,8000.0,10201.0,10000.0,94.27
2023-07-09,26.685415,0.5,64.0,8000.0,10201.0,10000.0,94.27
2023-07-10,25.189585,6.2000003,45.0,9381.0,10262.0,10000.0,94.27
2023-07-11,25.204165,2.9,97.0,8500.0,10030.0,9900.0,94.27
2023-07-12,25.760416,2.1,27.0,8500.0,10300.0,10100.0,94.27
2023-07-13,25.416666,3.2999997,44.0,7500.0,10400.0,10000.0,94.27
2023-07-14,25.112495,11.1,44.0,7500.0,10400.0,10000.0,94.27
2023-07-15,24.160418,8.1,19.0,8000.0,10351.0,9500.0,94.27
2023-07-16,24.516665,6.899999,19.0,8000.0,10351.0,9500.0,94.27
2023-07-17,23.125,27.099998,19.0,8000.0,10351.0,9500.0,94.27
2023-07-18,24.152086,17.800003,22.0,9000.0,10500.0,10000.0,94.27
2023-07-19,23.92292,11.800001,29.0,8800.0,9900.0,9800.0,94.27
2023-07-20,24.29583,19.3,36.0,8500.0,10001.0,9900.0,94.27
2023-07-21,24.562502,10.6,33.0,8500.0,10001.0,9900.0,94.27
2023-07-22,24.679167,8.099999,33.0,8500.0,10001.0,9900.0,94.27
2023-07-23,24.856249,9.400001,33.0,8500.0,10001.0,9900.0,94.27
2023-07-24,24.029165,29.400002,25.0,8700.0,10101.0,9900.0,94.27
2023-07-25,24.172915,7.099999,68.0,9400.0,10000.0,9800.0,94.27
2023-07-26,23.02917,18.1,42.0,8700.0,10200.0,10000.0,94.27
2023-07-27,24.381248,8.6,29.0,8900.0,10000.0,9800.0,94.27
2023-07-28,24.835411,1.9000001,23.0,8400.0,10350.0,10140.0,94.27
2023-07-29,25.235418,2.2000003,23.0,8400.0,10350.0,10140.0,94.27
2023-07-30,24.968752,3.6999998,23.0,8400.0,10350.0,10140.0,94.27
2023-07-31,25.1625,1.8000001,38.0,8200.0,10180.0,9900.0,94.27
2023-08-01,24.981249,2.1000001,38.0,8200.0,10180.0,9900.0,94.27
2023-08-02,24.922915,1.1,45.0,7000.0,10400.0,9700.0,94.27
2023-08-03,25.61042,1.1,39.0,8501.0,10450.0,9700.0,94.27
2023-08-04,25.354164,2.9,21.0,9402.0,10426.0,9800.0,94.27
2023-08-05,25.604166,0.8,21.0,9402.0,10426.0,9800.0,94.27
2023-08-06,25.206251,0.2,21.0,9402.0,10426.0,9800.0,94.27
2023-08-07,25.466667,1.4000001,28.0,8500.0,10400.0,10000.0,94.27
2023-08-08,25.650003,0.3,20.0,9208.0,10400.0,9820.0,94.27
2023-08-09,25.522913,0.6,14.0,8200.0,10500.0,10200.0,94.27
2023-08-10,25.752085,0.2,41.0,9300.0,10400.0,10000.0,94.27
2023-08-11,25.697914,0.6,27.0,9000.0,10550.0,10200.0,94.27
2023-08-12,25.287498,2.0,13.0,9001.0,10471.0,10200.0,94.27
2023-08-13,25.277082,0.70000005,13.0,9001.0,10471.0,10200.0,94.27
2023-08-14,25.897913,1.0,37.0,9699.0,10700.0,10200.0,94.27
2023-08-15,26.162504,0.3,37.0,9699.0,10700.0,10200.0,94.27
2023-08-16,26.077087,0.2,37.0,9699.0,10700.0,10200.0,94.27
2023-08-17,24.391668,1.9,21.0,9700.0,11101.0,10500.0,94.27
2023-08-18,23.881248,10.0,21.0,9700.0,11101.0,10500.0,94.27
2023-08-19,24.831255,1.7,21.0,9700.0,11101.0,10500.0,94.27
2023-08-20,25.364584,0.0,21.0,9700.0,11101.0,10500.0,94.27
2023-08-21,26.145834,0.1,21.0,9700.0,11101.0,10500.0,94.27
2023-08-22,26.237503,0.2,27.0,9501.0,11700.0,11000.0,94.27
2023-08-23,26.016668,0.6,31.0,9000.0,11800.0,11200.0,94.27
2023-08-24,25.4625,6.5,31.0,9000.0,11800.0,11200.0,94.27
2023-08-25,25.349997,0.90000004,31.0,9000.0,11800.0,11200.0,94.27
2023-08-26,25.118753,2.7,31.0,9000.0,11800.0,11200.0,94.27
2023-08-27,24.816668,0.70000005,31.0,9000.0,11800.0,11200.0,94.27
2023-08-28,25.189583,1.0,31.0,9000.0,11800.0,11200.0,94.27
2023-08-29,25.383333,0.1,31.0,9000.0,11800.0,11200.0,94.27
2023-08-30,25.854166,0.2,31.0,9000.0,11800.0,11200.0,94.27
2023-08-31,26.529167,0.3,31.0,9000.0,11800.0,11200.0,94.27
2023-09-01,26.762503,1.0,31.0,9000.0,11800.0,11200.0,94.27
2023-09-02,25.69375,3.5,31.0,9000.0,11800.0,11200.0,94.27
2023-09-03,25.156248,9.2,31.0,9000.0,11800.0,11200.0,94.27
2023-09-04,25.508331,2.8999999,31.0,9000.0,11800.0,11200.0,94.27
2023-09-05,26.356249,0.1,31.0,9000.0,11800.0,11200.0,94.27
2023-09-06,24.810417,12.100001,31.0,9000.0,11800.0,11200.0,94.27
2023-09-07,24.152082,7.1,31.0,9000.0,11800.0,11200.0,94.27
2023-09-08,24.591665,9.600001,31.0,9000.0,11800.0,11200.0,94.27
2023-09-09,25.20833,3.9,31.0,9000.0,11800.0,11200.0,94.27
2023-09-10,25.47917,0.8,31.0,9000.0,11800.0,11200.0,94.27
2023-09-11,25.456253,0.6,31.0,9000.0,11800.0,11200.0,94.27
2023-09-12,25.266668,0.1,31.0,9000.0,11800.0,11200.0,94.27
2023-09-13,25.035416,0.4,31.0,9000.0,11800.0,11200.0,94.27
2023-09-14,25.091667,0.0,31.0,9000.0,11800.0,11200.0,94.27
2023-09-15,25.418753,0.5,31.0,9000.0,11800.0,11200.0,94.27
2023-09-16,25.76042,0.0,31.0,9000.0,11800.0,11200.0,94.27
2023-09-17,25.841667,0.1,31.0,9000.0,11800.0,11200.0,94.27
2023-09-18,26.033333,0.2,31.0,9000.0,11800.0,11200.0,94.27
2023-09-19,25.933334,2.5,31.0,9000.0,11800.0,11200.0,94.27
2023-09-20,26.131248,7.4000006,31.0,9000.0,11800.0,11200.0,94.27
2023-09-21,23.793749,19.2,31.0,9000.0,11800.0,11200.0,94.27
2023-09-22,23.762499,26.300003,31.0,9000.0,11800.0,11200.0,94.27
2023-09-23,24.208336,8.599999,31.0,9000.0,11800.0,11200.0,94.27
2023-09-24,24.33333,11.7,31.0,9000.0,11800.0,11200.0,94.27
2023-09-25,23.852083,16.7,31.0,9000.0,11800.0,11200.0,94.27
2023-09-26,24.393747,29.900003,31.0,9000.0,11800.0,11200.0,94.27
2023-09-27,24.902082,11.3,31.0,9000.0,11800.0,11200.0,94.27
2023-09-28,24.95417,15.8,31.0,9000.0,11800.0,11200.0,94.27
2023-09-29,25.006248,16.9,31.0,9000.0,11800.0,11200.0,94.27
2023-09-30,24.579165,14.2,5.0,8510.0,11800.0,10500.0,94.27
2023-10-01,25.74792,0.3,5.0,8510.0,11800.0,10500.0,94.27
2023-10-02,26.008333,0.0,5.0,8510.0,11800.0,10500.0,94.27
2023-10-03,25.23958,0.0,7.0,8400.0,11700.0,10300.0,94.27
2023-10-04,24.552084,0.0,8.0,8700.0,11400.0,10800.0,94.27
2023-10-05,24.427084,0.0,6.0,8000.0,11500.0,10000.0,94.27
2023-10-06,25.247917,0.0,19.0,9000.0,11301.0,10500.0,94.27
2023-10-07,25.73958,0.0,26.0,8600.0,11500.0,10600.0,94.27
2023-10-08,25.333334,0.0,26.0,8600.0,11500.0,10600.0,94.27
2023-10-09,25.302084,0.0,26.0,8600.0,11500.0,10600.0,94.27
2023-10-10,25.552084,0.0,26.0,8600.0,11500.0,10600.0,94.27
2023-10-11,25.785416,0.0,26.0,8600.0,11500.0,10600.0,94.27
2023-10-12,25.968752,0.0,26.0,8600.0,11500.0,10600.0,94.27
2023-10-13,25.86875,0.0,26.0,8800.0,12100.0,11000.0,94.27
2023-10-14,25.745834,0.0,26.0,8800.0,12100.0,11000.0,94.27
2023-10-15,25.75208,0.0,26.0,8800.0,12100.0,11000.0,94.27
2023-10-16,25.687494,0.0,16.0,9500.0,12200.0,11000.0,94.27
2023-10-17,25.39583,0.1,6.0,7100.0,12277.0,11600.0,94.27
2023-10-18,25.166672,0.5,9.0,9700.0,12377.0,11550.0,94.27
2023-10-19,25.816666,0.0,16.0,9500.0,12477.0,10000.0,94.27
2023-10-20,25.529167,0.4,19.0,7500.0,12600.0,11800.0,94.27
2023-10-21,25.164583,0.0,20.0,9100.0,12690.0,12000.0,94.27
2023-10-22,24.904167,0.0,20.0,9100.0,12690.0,12000.0,94.27
2023-10-23,24.108332,0.0,18.0,9000.0,12701.0,11000.0,94.27
2023-10-24,23.883331,0.0,18.0,9000.0,12701.0,11000.0,94.27
2023-10-25,23.639585,0.0,13.0,9300.0,12600.0,10700.0,94.27
2023-10-26,23.6875,0.0,22.0,8500.0,12625.0,11000.0,94.27
2023-10-27,23.964582,0.0,1.0,9000.0,12811.0,11500.0,94.27
2023-10-28,24.125,0.0,1.0,9000.0,12811.0,11500.0,94.27
2023-10-29,23.720833,0.0,1.0,9000.0,12811.0,11500.0,94.27
2023-10-30,23.72917,0.0,1.0,9000.0,12811.0,11500.0,94.27
2023-10-31,23.96875,0.0,1.0,9000.0,12811.0,11500.0,94.27
2023-11-01,24.420832,0.0,6.0,11500.0,12500.0,11900.0,94.27
2023-11-02,25.195833,0.0,5.0,8000.0,10500.0,9000.0,94.27
2023-11-03,25.116667,0.0,5.0,8000.0,10500.0,9000.0,94.27
2023-11-04,25.081251,0.0,5.0,9700.0,12651.0,10500.0,94.27
2023-11-05,25.504168,0.0,5.0,9700.0,12651.0,10500.0,94.27
2023-11-06,25.518751,0.0,2.0,8000.0,12600.0,10200.0,94.27
2023-11-07,23.645834,9.9,1.0,8000.0,12600.0,11000.0,94.27
2023-11-08,24.993752,0.1,4.0,9600.0,12500.0,11000.0,94.27
2023-11-09,25.377085,0.0,4.0,9600.0,12500.0,11000.0,94.27
2023-11-10,26.227087,0.0,4.0,9600.0,12500.0,11000.0,94.27
2023-11-11,25.989584,0.0,4.0,9600.0,12500.0,11000.0,94.27
2023-11-12,25.199997,0.0,4.0,9600.0,12500.0,11000.0,94.27
2023-11-13,24.725,0.0,4.0,9600.0,12500.0,11000.0,94.27
2023-11-14,24.195833,0.0,13.0,9000.0,12401.0,11000.0,94.27
2023-11-15,23.710417,0.0,13.0,9000.0,12401.0,11000.0,94.27
2023-11-16,23.941668,0.0,9.0,8013.0,11900.0,11000.0,94.27
2023-11-17,25.39792,0.0,8.0,8000.0,11000.0,10000.0,94.27
2023-11-18,26.11875,0.0,13.0,8000.0,10700.0,9600.0,94.27
2023-11-19,24.822916,0.0,13.0,8000.0,10700.0,9600.0,94.27
2023-11-20,24.650002,0.0,4.0,9400.0,10800.0,10000.0,94.27
2023-11-21,25.349998,0.0,26.0,8300.0,10701.0,10000.0,94.27
2023-11-22,25.310417,0.1,29.0,8900.0,10611.0,9700.0,94.27
2023-11-23,24.177084,0.6,11.0,7700.0,10310.0,8920.0,94.27
2023-11-24,24.433334,0.6,34.0,8300.0,10000.0,9600.0,94.27
2023-11-25,24.587502,1.1,6.0,8100.0,10100.0,9450.0,94.27
2023-11-26,23.439585,22.7,6.0,8100.0,10100.0,9450.0,94.27
2023-11-27,21.727083,9.299999,32.0,7001.0,9701.0,8000.0,94.27
2023-11-28,22.520836,4.7,38.0,7700.0,10000.0,8900.0,94.27
2023-11-29,23.09583,1.6,26.0,7000.0,10200.0,9200.0,94.27
2023-11-30,22.977083,0.2,14.0,8700.0,10000.0,9800.0,94.27
2023-12-01,23.449999,0.0,14.0,8700.0,10000.0,9800.0,94.27
2023-12-02,23.48958,0.0,14.0,8700.0,10000.0,9800.0,94.27
2023-12-03,23.150002,0.6,14.0,8700.0,10000.0,9800.0,94.27
2023-12-04,22.952082,0.1,10.0,6000.0,10500.0,9650.0,94.27
2023-12-05,21.720833,0.0,7.0,8800.0,10500.0,10000.0,94.27
2023-12-06,21.431246,0.5,7.0,8800.0,10500.0,10000.0,94.27
2023-12-07,21.3375,0.1,10.0,7500.0,9701.0,9350.0,94.27
2023-12-08,21.766665,0.0,25.0,8100.0,9451.0,9200.0,94.27
2023-12-09,21.510416,0.0,1.0,6500.0,8000.0,7800.0,94.27
2023-12-10,21.635416,0.0,1.0,6500.0,8000.0,7800.0,94.27
2023-12-11,21.529167,0.0,6.0,8000.0,9851.0,9000.0,94.27
2023-12-12,21.639582,0.0,6.0,8000.0,9851.0,9000.0,94.27
2023-12-13,20.589582,0.0,11.0,7500.0,10000.0,9700.0,94.27
2023-12-14,20.733334,0.0,7.0,8200.0,9722.0,9025.0,94.27
2023-12-15,20.643751,0.0,14.0,7000.0,9601.0,9000.0,94.27
2023-12-16,22.043749,0.0,19.0,7500.0,9460.0,9200.0,94.27
2023-12-17,20.956251,0.0,19.0,7500.0,9460.0,9200.0,94.27
2023-12-18,19.358332,0.0,20.0,7551.0,9816.0,9200.0,94.27
2023-12-19,19.197916,0.0,20.0,7551.0,9816.0,9200.0,94.27
2023-12-20,18.970835,0.0,78.0,8200.0,9899.0,9400.0,94.27
2023-12-21,19.629168,0.0,64.0,8400.0,9700.0,9300.0,94.27
2023-12-22,20.475,0.0,133.0,8502.0,10101.0,9700.0,94.27
2023-12-23,20.570831,0.0,128.0,8770.0,10001.0,9850.0,94.27
2023-12-24,20.772917,0.0,128.0,8770.0,10001.0,9850.0,94.27
2023-12-25,21.347916,0.0,197.0,8700.0,9800.0,9500.0,94.27
2023-12-26,20.620832,0.0,426.0,9002.0,9756.0,9500.0,94.27
2023-12-27,20.83125,0.0,279.0,8700.0,9824.0,9500.0,94.27
2023-12-28,21.072916,0.0,526.0,8800.0,9600.0,9200.0,94.27
2023-12-29,21.362501,0.0,526.0,8800.0,9600.0,9200.0,94.27
2023-12-30,21.84375,0.0,526.0,8800.0,9600.0,9200.0,94.27
2023-12-31,21.762503,0.0,526.0,8800.0,9600.0,9200.0,94.27
2024-01-01,22.05625,0.0,526.0,8800.0,9600.0,9200.0,94.27
2024-01-02,22.166666,0.0,1.0,7000.0,8061.0,7500.0,94.27
2024-01-02,22.166666,0.0,1065.0,7900.0,8600.0,8550.0,94.27
2024-01-03,22.472916,0.0,1.0,7800.0,8400.0,8000.0,94.27
2024-01-04,22.174997,2.3999996,1087.0,7801.0,8800.0,8400.0,94.27
2024-01-05,22.200003,0.0,1.0,7900.0,8200.0,8000.0,94.27
2024-01-05,22.200003,0.0,1269.0,8300.0,9000.0,8700.0,94.27
2024-01-06,22.343748,0.0,2.0,8000.0,8351.0,8200.0,94.27
2024-01-06,22.343748,0.0,817.0,7001.0,9200.0,8800.0,94.27
2024-01-07,22.40625,0.0,817.0,7001.0,9200.0,8800.0,94.27
2024-01-08,23.004168,0.1,1.0,7651.0,8911.0,8800.0,94.27
2024-01-08,23.004168,0.1,847.0,8802.0,9600.0,9200.0,94.27
2024-01-09,22.981249,0.0,1166.0,8501.0,9550.0,9350.0,94.27
2024-01-09,22.981249,0.0,4.0,7000.0,8800.0,8600.0,94.27
2024-01-10,23.427084,0.0,4.0,7000.0,8800.0,8600.0,94.27
2024-01-11,23.318747,0.0,4.0,7000.0,8800.0,8600.0,94.27
2024-01-12,24.300003,0.0,1024.0,8000.0,9500.0,9300.0,94.27
2024-01-13,23.562498,0.0,1148.0,9104.0,9449.0,9240.0,94.27
2024-01-14,22.008333,0.0,1148.0,9104.0,9449.0,9240.0,94.27
2024-01-15,21.870836,0.0,1148.0,9104.0,9449.0,9240.0,94.27
2024-01-16,23.716667,0.0,939.0,8611.0,9289.0,9000.0,94.27
2024-01-17,22.699997,0.0,1008.0,8801.0,9601.0,9400.0,94.27
2024-01-18,22.883333,0.0,1008.0,8801.0,9601.0,9400.0,94.27
2024-01-19,24.385416,0.0,806.0,9301.0,10791.0,10000.0,94.27
2024-01-20,22.945831,0.0,650.0,9601.0,10100.0,9700.0,94.27
2024-01-21,23.30208,0.0,650.0,9601.0,10100.0,9700.0,94.27
2024-01-22,22.512499,0.0,650.0,9601.0,10100.0,9700.0,94.27
2024-01-23,20.585417,0.0,856.0,9001.0,9770.0,9500.0,94.27
2024-01-24,20.15,0.0,1703.0,9300.0,10100.0,9800.0,94.27
2024-01-25,21.560417,0.0,1703.0,9300.0,10100.0,9800.0,94.27
2024-01-26,22.145834,0.0,1703.0,9300.0,10100.0,9800.0,94.27
2024-01-27,22.327085,0.0,1.0,9100.0,9300.0,9200.0,94.27
2024-01-28,22.464582,0.0,1.0,9100.0,9300.0,9200.0,94.27
2024-01-29,22.920835,0.0,662.0,9856.0,10450.0,10150.0,94.27
2024-01-30,23.202085,0.0,463.0,9200.0,10335.0,10100.0,94.27
2024-01-31,22.725,0.0,574.0,9650.0,10250.0,9900.0,94.27
2024-02-01,22.508331,0.0,704.0,9970.0,10450.0,10000.0,94.27
2024-02-02,23.712502,0.0,704.0,9970.0,10450.0,10000.0,94.27
2024-02-03,24.5625,0.0,704.0,9970.0,10450.0,10000.0,94.27
2024-02-04,25.962502,0.0,704.0,9970.0,10450.0,10000.0,94.27
2024-02-05,25.799997,0.0,704.0,9970.0,10450.0,10000.0,94.27
2024-02-06,25.64583,0.0,400.0,10051.0,10650.0,10200.0,94.27
2024-02-07,24.772917,0.0,400.0,10051.0,10650.0,10200.0,94.27
2024-02-08,24.727083,0.0,400.0,10051.0,10650.0,10200.0,94.27
2024-02-09,26.004168,0.0,400.0,10051.0,10650.0,10200.0,94.27
2024-02-10,25.808334,0.0,400.0,10051.0,10650.0,10200.0,94.27
2024-02-11,26.329168,0.0,400.0,10051.0,10650.0,10200.0,94.27
2024-02-12,26.245832,0.0,400.0,10051.0,10650.0,10200.0,94.27
2024-02-13,25.679169,0.0,400.0,10051.0,10650.0,10200.0,94.27
2024-02-14,25.291672,0.0,400.0,10051.0,10650.0,10200.0,94.27
2024-02-15,25.60417,0.0,400.0,10051.0,10650.0,10200.0,94.27
2024-02-16,25.385414,0.0,204.0,9911.0,10200.0,10000.0,94.27
2024-02-17,25.977081,0.0,306.0,9581.0,10350.0,10100.0,94.27
2024-02-18,26.67292,0.0,306.0,9581.0,10350.0,10100.0,94.27
2024-02-19,25.970833,0.0,306.0,9581.0,10350.0,10100.0,94.27
2024-02-20,25.322922,0.0,240.0,9000.0,10379.0,10100.0,94.27
2024-02-21,24.947916,0.0,206.0,9410.0,10477.0,10200.0,94.27
2024-02-22,23.88542,0.0,244.0,9700.0,10561.0,10200.0,94.27
2024-02-23,24.764582,0.0,244.0,9700.0,10561.0,10200.0,94.27
2024-02-24,26.158335,0.0,244.0,9700.0,10561.0,10200.0,94.27
2024-02-25,27.077085,0.0,244.0,9700.0,10561.0,10200.0,94.27
2024-02-26,27.43125,0.0,244.0,9700.0,10561.0,10200.0,94.27
2024-02-27,27.106247,0.0,244.0,9700.0,10561.0,10200.0,94.27
2024-02-28,27.18125,0.0,275.2,9700.0,10333.0,10100.0,94.27
2024-02-29,27.845833,0.0,275.8,9500.0,10365.0,10250.0,94.27
2024-03-01,28.393747,0.0,100.5,9500.0,10410.0,10200.0,94.27
2024-03-02,26.81875,0.0,267.5,9700.0,10541.0,10200.0,94.27
2024-03-03,26.141668,0.0,267.5,9700.0,10541.0,10200.0,94.27
2024-03-04,26.585417,0.0,267.5,9700.0,10541.0,10200.0,94.27
2024-03-05,28.020836,0.0,325.4,9902.0,10600.0,10300.0,94.27
2024-03-06,26.949999,0.0,298.9,9700.0,10581.0,10200.0,94.27
2024-03-07,26.733337,0.0,298.9,9700.0,10581.0,10200.0,94.27
2024-03-08,27.210419,0.0,298.9,9700.0,10581.0,10200.0,94.27
2024-03-09,28.020834,0.0,306.1,9141.0,10330.0,10100.0,94.27
2024-03-10,29.858332,0.0,306.1,9141.0,10330.0,10100.0,94.27
2024-03-11,29.664581,0.0,486.4,9100.0,10425.0,10000.0,94.27
2024-03-12,29.010416,0.0,201.4,7310.0,10404.0,9500.0,94.27
2024-03-13,28.110415,0.0,201.4,7310.0,10404.0,9500.0,94.27
2024-03-14,28.641663,0.0,201.4,7310.0,10404.0,9500.0,94.27
2024-03-15,29.366669,0.0,126.0,8000.0,10487.0,10200.0,94.27
2024-03-16,29.483335,0.0,188.6,9001.0,10601.0,10000.0,94.27
2024-03-17,29.656244,0.0,188.6,9001.0,10601.0,10000.0,94.27
2024-03-18,28.995834,0.0,184.7,9310.0,10451.0,10200.0,94.27
2024-03-19,27.283333,0.0,184.7,9310.0,10451.0,10200.0,94.27
2024-03-20,27.545835,0.0,262.3,9540.0,10423.0,10200.0,94.27
2024-03-21,29.575003,0.0,127.1,9300.0,10401.0,10100.0,94.27
2024-03-22,30.429161,0.0,156.1,9500.0,10434.0,10250.0,94.27
2024-03-23,31.685417,0.0,156.1,9500.0,10434.0,10250.0,94.27
2024-03-24,31.847914,0.0,156.1,9500.0,10434.0,10250.0,94.27
2024-03-25,32.42292,0.0,156.1,9500.0,10434.0,10250.0,94.27
2024-03-26,32.845833,0.0,156.1,9500.0,10434.0,10250.0,94.27
2024-03-27,32.374996,0.0,156.1,9500.0,10434.0,10250.0,94.27
2024-03-28,33.21875,0.0,156.1,9500.0,10434.0,10250.0,94.27
2024-03-29,33.000004,0.0,156.1,9500.0,10434.0,10250.0,94.27
2024-03-30,32.20625,0.4,156.1,9500.0,10434.0,10250.0,94.27
2024-03-31,32.445835,0.0,156.1,9500.0,10434.0,10250.0,94.27
2024-04-01,32.127087,0.0,231.9,9702.0,10570.0,10300.0,94.27
2024-04-02,33.15833,0.0,316.6,8100.0,10800.0,10500.0,94.27
2024-04-03,33.5,0.0,129.5,10200.0,11019.0,10900.0,94.27
2024-04-04,33.235416,0.0,129.5,10200.0,11019.0,10900.0,94.27
2024-04-05,33.045834,0.0,129.5,10200.0,11019.0,10900.0,94.27
2024-04-06,33.279163,0.0,129.5,10200.0,11019.0,10900.0,94.27
2024-04-07,32.314587,0.0,129.5,10200.0,11019.0,10900.0,94.27
2024-04-08,32.350002,0.0,129.5,10200.0,11019.0,10900.0,94.27
2024-04-09,32.33959,0.0,129.5,10200.0,11019.0,10900.0,94.27
2024-04-10,28.468748,6.2999997,129.5,10200.0,11019.0,10900.0,94.27
2024-04-11,28.664589,1.6,129.5,10200.0,11019.0,10900.0,94.27
2024-04-12,27.729166,11.599999,129.5,10200.0,11019.0,10900.0,94.27
2024-04-13,29.60208,0.1,129.5,10200.0,11019.0,10900.0,94.27
2024-04-14,31.387499,0.0,129.5,10200.0,11019.0,10900.0,94.27
2024-04-15,32.0625,0.2,129.5,10200.0,11019.0,10900.0,94.27
2024-04-16,31.450003,0.3,129.5,10200.0,11019.0,10900.0,94.27
2024-04-17,32.208332,0.0,129.5,10200.0,11019.0,10900.0,94.27
2024-04-18,31.995832,1.1,129.5,10200.0,11019.0,10900.0,94.27
2024-04-19,29.872917,2.3,129.5,10200.0,11019.0,10900.0,94.27
2024-04-20,29.76042,0.1,129.5,10200.0,11019.0,10900.0,94.27
2024-04-21,29.762499,1.1,129.5,10200.0,11019.0,10900.0,94.27
2024-04-22,30.289583,0.1,129.5,10200.0,11019.0,10900.0,94.27
2024-04-23,32.03958,0.0,129.5,10200.0,11019.0,10900.0,94.27
2024-04-24,32.55833,0.0,214.4,9500.0,12000.0,11500.0,94.27
2024-04-25,33.3375,0.0,214.4,9500.0,12000.0,11500.0,94.27
2024-04-26,33.2875,0.0,85.6,9401.0,11861.0,11350.0,94.27
2024-04-27,34.289585,0.0,20.7,3800.0,4400.0,4300.0,94.27
2024-04-28,34.766666,0.1,20.7,3800.0,4400.0,4300.0,94.27
2024-04-29,34.5,0.0,264.7,10500.0,11901.0,11650.0,94.27
2024-04-30,34.09375,0.0,264.7,10500.0,11901.0,11650.0,94.27
2024-05-01,32.254166,0.0,264.7,10500.0,11901.0,11650.0,94.27
2024-05-02,32.645836,0.0,264.7,10500.0,11901.0,11650.0,94.27
2024-05-03,33.6,0.0,264.7,10500.0,11901.0,11650.0,94.27
2024-05-04,34.731247,0.0,264.7,10500.0,11901.0,11650.0,94.27
2024-05-05,35.4,0.0,264.7,10500.0,11901.0,11650.0,94.27
2024-05-06,34.010418,0.0,264.7,10500.0,11901.0,11650.0,94.27
2024-05-07,32.389584,0.0,264.7,10500.0,11901.0,11650.0,94.27
2024-05-08,31.856249,0.2,229.2,9600.0,11601.0,11400.0,94.27
2024-05-09,31.374998,1.8,178.2,9900.0,11611.0,11200.0,94.27
2024-05-10,32.458332,1.4,178.2,9900.0,11611.0,11200.0,94.27
2024-05-11,30.875,2.3,159.2,10900.0,11701.0,11200.0,94.27
2024-05-12,29.977081,5.5,159.2,10900.0,11701.0,11200.0,94.27
2024-05-13,30.50625,1.0,183.4,10334.0,12000.0,11600.0,94.27
2024-05-14,30.066666,0.3,178.0,9000.0,12077.0,11800.0,94.27
2024-05-15,30.837502,0.3,155.2,10950.0,11901.0,11000.0,94.27
2024-05-16,28.070833,1.2,214.0,11500.0,12300.0,11700.0,94.27
2024-05-17,29.985413,0.2,223.4,9800.0,12251.0,11800.0,94.27
2024-05-18,30.72917,0.2,136.1,11000.0,12426.0,12000.0,94.27
2024-05-19,31.566668,0.1,136.1,11000.0,12426.0,12000.0,94.27
2024-05-20,32.077084,0.1,192.8,10900.0,12400.0,12200.0,94.27
2024-05-21,32.31667,0.0,163.2,11300.0,12420.0,12100.0,94.27
2024-05-22,33.045834,0.1,163.2,11300.0,12420.0,12100.0,94.27
2024-05-23,34.866665,0.0,163.2,11300.0,12420.0,12100.0,94.27
2024-05-24,34.491665,0.0,97.8,10000.0,12001.0,11850.0,94.27
2024-05-25,33.166664,0.0,149.1,10651.0,12261.0,12000.0,94.27
2024-05-26,32.320835,1.0,149.1,10651.0,12261.0,12000.0,94.27
2024-05-27,32.429165,0.0,123.3,11800.0,12370.0,12200.0,94.27
2024-05-28,32.45625,0.0,128.1,9900.0,12521.0,12310.0,94.27
2024-05-29,32.249996,0.0,156.3,11000.0,12820.0,12450.0,94.27
2024-05-30,32.954166,0.0,121.2,11070.0,12601.0,12400.0,94.27
2024-05-31,33.304165,0.1,100.5,10700.0,12300.0,12000.0,94.27
2024-06-01,32.16875,1.4000001,99.5,10350.0,12271.0,12050.0,94.27
2024-06-02,30.062506,4.0,99.5,10350.0,12271.0,12050.0,94.27
2024-06-03,27.964582,15.8,67.2,10000.0,12250.0,11900.0,94.27
2024-06-04,28.137503,9.0,60.1,10051.0,12050.0,11900.0,94.27
2024-06-05,26.504166,46.4,43.0,8600.0,12300.0,11800.0,94.27
2024-06-06,27.1,7.0999994,43.0,8600.0,12300.0,11800.0,94.27
2024-06-07,26.008337,21.900002,40.1,11000.0,12200.0,12000.0,94.27
2024-06-08,25.208334,24.5,64.2,10880.0,12295.0,12000.0,94.27
2024-06-09,24.879168,21.9,64.2,10880.0,12295.0,12000.0,94.27
2024-06-10,24.625002,50.100002,52.9,10501.0,12170.0,11900.0,94.27
2024-06-11,24.995832,9.5,107.2,11000.0,11951.0,11500.0,94.27
2024-06-12,25.810417,12.700001,107.2,11000.0,11951.0,11500.0,94.27
2024-06-13,24.785416,30.9,98.4,10500.0,11902.0,11600.0,94.27
2024-06-14,26.114584,2.2,98.4,10500.0,11902.0,11600.0,94.27
2024-06-15,25.918749,8.499999,98.4,10500.0,11902.0,11600.0,94.27
2024-06-16,25.71875,14.200001,98.4,10500.0,11902.0,11600.0,94.27
2024-06-17,26.347916,3.7,98.4,10500.0,11902.0,11600.0,94.27
2024-06-18,25.991667,2.1,98.4,10500.0,11902.0,11600.0,94.27
2024-06-19,26.027079,1.8,71.7,9500.0,11900.0,11400.0,94.27
2024-06-20,26.439583,1.8000001,71.7,9500.0,11900.0,11400.0,94.27
2024-06-21,26.772913,0.3,50.8,10300.0,11845.0,11400.0,94.27
2024-06-22,25.477087,5.0,50.8,10000.0,11752.0,11400.0,94.27
2024-06-23,26.14583,0.1,50.8,10000.0,11752.0,11400.0,94.27
2024-06-24,26.449999,2.6,37.1,10460.0,11601.0,11200.0,94.27
2024-06-25,26.056252,10.500001,57.5,10500.0,11700.0,11200.0,94.27
2024-06-26,25.277086,8.700001,64.9,9200.0,11805.0,11500.0,94.27
2024-06-27,24.854166,10.500001,58.4,10700.0,11899.0,11500.0,94.27
2024-06-28,26.127083,1.1,50.8,10000.0,11970.0,11500.0,94.27
2024-06-29,25.104166,7.7999997,83.3,10601.0,12031.0,11500.0,94.27
2024-06-30,25.335419,2.3000002,83.3,10601.0,12031.0,11500.0,94.27
2024-07-01,24.941666,19.1,83.3,10601.0,12031.0,11500.0,94.27
2024-07-02,26.233335,0.3,83.3,10601.0,12031.0,11500.0,94.27
2024-07-03,25.829168,1.4000001,83.3,10601.0,12031.0,11500.0,94.27
2024-07-04,25.741669,2.8999999,83.3,10601.0,12031.0,11500.0,94.27
2024-07-05,25.38125,5.3999996,83.3,10601.0,12031.0,11500.0,94.27
2024-07-06,24.785421,6.2999988,83.3,10601.0,12031.0,11500.0,94.27
2024-07-07,24.4125,5.4,83.3,10601.0,12031.0,11500.0,94.27
2024-07-08,25.464584,1.2,83.3,10601.0,12031.0,11500.0,94.27
2024-07-09,25.312498,4.4,83.3,10601.0,12031.0,11500.0,94.27
2024-07-10,24.893747,7.4999995,83.3,10601.0,12031.0,11500.0,94.27
2024-07-11,24.483335,8.9,83.3,10601.0,12031.0,11500.0,94.27
2024-07-12,24.885416,11.4,83.3,10601.0,12031.0,11500.0,94.27
2024-07-13,24.50208,23.8,83.3,10601.0,12031.0,11500.0,94.27
2024-07-14,24.306246,16.8,83.3,10601.0,12031.0,11500.0,94.27
2024-07-15,24.06875,48.299995,83.3,10601.0,12031.0,11500.0,94.27
2024-07-16,24.081251,13.7,83.3,10601.0,12031.0,11500.0,94.27
2024-07-17,24.060417,39.7,83.3,10601.0,12031.0,11500.0,94.27
2024-07-18,24.174997,12.299999,21.1,8700.0,10801.0,9940.0,94.27
2024-07-19,23.25625,24.299997,21.1,8700.0,10801.0,9940.0,94.27
2024-07-20,23.86042,7.2999997,21.1,8700.0,10801.0,9940.0,94.27
2024-07-21,23.804167,21.400007,21.1,8700.0,10801.0,9940.0,94.27
2024-07-22,23.950003,7.7999983,25.5,10101.0,11306.0,10800.0,94.27
2024-07-23,22.972916,34.699997,25.5,10101.0,11306.0,10800.0,94.27
2024-07-24,22.84167,50.599995,30.3,7200.0,11000.0,10800.0,94.27
2024-07-25,24.283335,1.4000001,41.6,10002.0,10881.0,10500.0,94.27
2024-07-26,23.554169,5.6,41.6,10002.0,10881.0,10500.0,94.27
2024-07-27,24.010416,9.9,25.8,8800.0,10808.0,10300.0,94.27
2024-07-28,24.702085,1.6,25.8,8800.0,10808.0,10300.0,94.27
2024-07-29,25.364584,2.3999999,25.8,8800.0,10808.0,10300.0,94.27
2024-07-30,24.679169,7.2,25.8,8800.0,10808.0,10300.0,94.27
2024-07-31,24.272919,13.200002,31.9,9900.0,11000.0,10500.0,94.27
2024-08-01,23.806252,7.8999996,31.9,9900.0,11000.0,10500.0,94.27
2024-08-02,24.289583,1.8000001,58.0,8500.0,11000.0,10500.0,94.27
2024-08-03,23.364586,20.9,28.8,7014.0,11000.0,10700.0,94.27
2024-08-04,24.375,7.5999994,28.8,7014.0,11000.0,10700.0,94.27
2024-08-05,24.408335,11.700001,26.4,8501.0,10650.0,10230.0,94.27
2024-08-06,24.106249,3.0999997,18.7,9850.0,11115.0,10700.0,94.27
2024-08-07,24.820833,0.8000001,47.9,9901.0,11351.0,10800.0,94.27
2024-08-08,24.770834,3.8999999,47.9,9901.0,11351.0,10800.0,94.27
2024-08-09,25.054167,1.4000001,46.8,9700.0,11200.0,10800.0,94.27
2024-08-10,24.939583,2.0,38.9,9800.0,11301.0,10700.0,94.27
2024-08-11,25.229166,1.1,38.9,9800.0,11301.0,10700.0,94.27
2024-08-12,25.595835,0.3,35.5,9000.0,11100.0,10500.0,94.27
2024-08-13,26.062498,1.3000001,32.4,9000.0,11222.0,10000.0,94.27
2024-08-14,25.387505,4.6000004,16.9,10000.0,11444.0,10200.0,94.27
2024-08-15,25.116663,4.2999997,16.9,10000.0,11444.0,10200.0,94.27
2024-08-16,24.731249,11.7,34.0,9900.0,11555.0,10500.0,94.27
2024-08-17,25.300001,11.200002,34.0,9900.0,11555.0,10500.0,94.27
2024-08-18,24.820833,61.199997,34.0,9900.0,11555.0,10500.0,94.27
2024-08-19,24.804169,5.4,34.0,9900.0,11555.0,10500.0,94.27
2024-08-20,25.949999,2.5,38.4,8000.0,10925.0,9500.0,94.27
2024-08-21,25.495832,2.0,38.4,8000.0,10925.0,9500.0,94.27
2024-08-22,24.704168,7.3000007,35.5,9000.0,10490.0,10000.0,94.27
2024-08-23,23.52917,21.2,10.8,9000.0,10500.0,10100.0,94.27
2024-08-24,22.787498,17.599998,10.8,9000.0,10500.0,10100.0,94.27
2024-08-25,24.191666,1.7,10.8,9000.0,10500.0,10100.0,94.27
2024-08-26,24.16667,5.5999994,10.8,9000.0,10500.0,10100.0,94.27
2024-08-27,24.743746,1.1,24.1,9500.0,10850.0,10200.0,94.27
2024-08-28,24.8375,0.5,22.3,9000.0,10800.0,10100.0,94.27
2024-08-29,24.356249,3.9,25.2,9000.0,11110.0,10500.0,94.27
2024-08-30,23.802084,5.0,20.7,9000.0,11300.0,10400.0,94.27
2024-08-31,22.431252,86.299995,36.7,8500.0,10700.0,10000.0,94.27
2024-09-01,22.824999,55.199993,36.7,8500.0,10700.0,10000.0,94.27
2024-09-02,24.06875,10.999999,36.7,8500.0,10700.0,10000.0,94.27
2024-09-03,24.235418,17.2,19.5,8888.0,10900.0,10200.0,94.27
2024-09-04,24.487501,8.8,9.5,9000.0,11200.0,10500.0,94.27
2024-09-05,24.443748,18.4,9.5,9000.0,11200.0,10500.0,94.27
2024-09-06,23.972916,22.899998,7.2,9000.0,11000.0,10200.0,94.27
2024-09-07,24.172913,1.7,7.2,9000.0,11000.0,10200.0,94.27
2024-09-08,24.599998,0.3,7.2,9000.0,11000.0,10200.0,94.27
2024-09-09,24.42708,1.4000001,25.9,8900.0,10650.0,10100.0,94.27
2024-09-10,24.602081,1.6,17.6,9500.0,11000.0,10300.0,94.27
2024-09-11,24.62708,1.0,17.6,9500.0,11000.0,10300.0,94.27
2024-09-12,23.704168,0.6,20.4,8000.0,10810.0,10000.0,94.27
2024-09-13,23.841667,0.5,8.4,9000.0,11077.0,10300.0,94.27
2024-09-14,23.537498,0.8,12.9,9300.0,11100.0,10200.0,94.27
2024-09-15,23.147917,2.4,12.9,9300.0,11100.0,10200.0,94.27
2024-09-16,24.125,0.0,12.9,9300.0,11100.0,10200.0,94.27
2024-09-17,24.104166,0.1,12.9,9300.0,11100.0,10200.0,94.27
2024-09-18,24.279167,0.4,15.4,8000.0,9700.0,9500.0,94.27
2024-09-19,24.512499,1.6,3.8,9500.0,10260.0,10000.0,94.27
2024-09-20,24.556252,11.399999,3.8,9500.0,10260.0,10000.0,94.27
2024-09-21,24.122915,8.4,10.0,9600.0,10600.0,10000.0,94.27
2024-09-22,25.104166,9.200001,10.0,9600.0,10600.0,10000.0,94.27
2024-09-23,24.802084,7.7000003,10.0,9600.0,10600.0,10000.0,94.27
2024-09-24,24.275,5.8,7.1,9000.0,11000.0,10300.0,94.27
2024-09-25,24.414583,2.1000001,13.2,8500.0,10900.0,10200.0,94.27
2024-09-26,24.733332,0.2,20.7,8900.0,11100.0,10400.0,94.27
2024-09-27,25.033333,1.3000001,21.2,8300.0,10501.0,10200.0,94.27
2024-09-28,25.320837,0.3,12.1,8900.0,10911.0,9500.0,94.27
2024-09-29,25.770834,0.4,12.1,8900.0,10911.0,9500.0,94.27
2024-09-30,26.00208,0.90000004,12.1,8900.0,10911.0,9500.0,94.27
2024-10-01,25.537498,14.300001,16.3,8500.0,10550.0,9700.0,94.27
2024-10-02,25.5625,3.2,16.3,8500.0,10550.0,9700.0,94.27
2024-10-03,24.96875,0.6,16.3,8500.0,10550.0,9700.0,94.27
2024-10-04,23.989584,11.7,7.9,9760.0,10800.0,10300.0,94.27
2024-10-05,24.822916,2.0,20.4,9000.0,10201.0,9500.0,94.27
2024-10-06,24.500002,0.2,20.4,9000.0,10201.0,9500.0,94.27
2024-10-07,24.381254,3.1,20.4,9000.0,10201.0,9500.0,94.27
2024-10-08,24.443748,1.2,20.4,9000.0,10201.0,9500.0,94.27
2024-10-09,24.718748,1.1,5.2,8200.0,10511.0,9900.0,94.27
2024-10-10,24.266668,6.8999996,11.7,7601.0,10351.0,9500.0,94.27
2024-10-11,24.639585,14.900001,11.7,7601.0,10351.0,9500.0,94.27
2024-10-12,25.106255,3.5,11.7,7601.0,10351.0,9500.0,94.27
2024-10-13,25.187502,0.9000001,11.7,7601.0,10351.0,9500.0,94.27
2024-10-14,24.593752,15.400001,14.0,8500.0,10500.0,9000.0,94.27
2024-10-15,24.783335,7.9,3.1,8701.0,10622.0,9600.0,94.27
2024-10-16,24.827085,11.299999,12.5,9000.0,10700.0,9500.0,94.27
2024-10-17,24.629171,1.8000001,12.5,9000.0,10700.0,9500.0,94.27
2024-10-18,24.664581,5.9,3.2,7000.0,10731.0,9500.0,94.27
2024-10-19,24.008337,2.7999997,5.9,7000.0,10801.0,9400.0,94.27
2024-10-20,23.464586,3.3999996,5.9,7000.0,10801.0,9400.0,94.27
2024-10-21,23.397913,2.1000001,5.9,7000.0,10000.0,9400.0,94.27
2024-10-22,24.039587,0.0,1.9,8500.0,10900.0,9550.0,94.27
2024-10-23,23.570833,0.0,3.5,7000.0,10900.0,9600.0,94.27
2024-10-24,22.950003,0.0,26.8,9000.0,11000.0,10200.0,94.27
2024-10-25,23.983332,0.0,14.9,7500.0,10390.0,9000.0,94.27
2024-10-26,23.54167,0.0,9.9,7500.0,11250.0,9800.0,94.27
2024-10-27,23.793749,0.0,9.9,7500.0,11250.0,9800.0,94.27
2024-10-28,24.625006,0.0,9.9,7500.0,11250.0,9800.0,94.27
2024-10-29,25.362501,0.0,9.9,7500.0,11250.0,9800.0,94.27
2024-10-30,24.895834,1.3,9.9,7500.0,11250.0,9800.0,94.27
2024-10-31,24.335417,3.2999997,9.9,7500.0,11250.0,9800.0,94.27
2024-11-01,24.633333,0.0,9.9,7500.0,11250.0,9800.0,94.27
2024-11-02,23.904167,0.0,8.1,8000.0,11321.0,9875.0,94.27
2024-11-03,23.512499,0.0,8.1,8000.0,11321.0,9875.0,94.27
2024-11-04,24.341667,0.0,1.6,10300.0,10600.0,10400.0,94.27
2024-11-05,24.054167,0.0,2.7,7000.0,10563.0,8000.0,94.27
2024-11-06,23.700003,0.0,4.9,7000.0,9000.0,8800.0,94.27
2024-11-07,23.25,0.0,6.4,6000.0,10001.0,9600.0,94.27
2024-11-08,23.143751,0.0,6.1,8100.0,11002.0,10710.0,94.27
2024-11-09,23.38333,0.0,7.2,6000.0,9600.0,9500.0,94.27
2024-11-10,22.989586,0.0,7.2,6000.0,9600.0,9500.0,94.27
2024-11-11,23.243752,0.0,6.4,8000.0,11602.0,8500.0,94.27
2024-11-12,23.572916,0.0,12.6,8601.0,10100.0,9100.0,94.27
2024-11-13,24.806252,0.0,3.5,8230.0,11200.0,9110.0,94.27
2024-11-14,25.418747,0.0,2.2,8525.0,9300.0,9000.0,94.27
2024-11-15,25.229166,0.0,4.4,8300.0,11300.0,10300.0,94.27
2024-11-16,24.095833,0.0,10.0,9780.0,11365.0,10100.0,94.27
2024-11-17,21.943748,0.0,10.0,9780.0,11365.0,10100.0,94.27
2024-11-18,21.612501,0.0,4.9,10000.0,11395.0,10500.0,94.27
2024-11-19,21.277082,0.0,12.0,9100.0,11500.0,9405.0,94.27
2024-11-20,21.485418,0.0,12.0,9100.0,11500.0,9405.0,94.27
2024-11-21,21.475,0.0,8.7,8100.0,11575.0,10200.0,94.27
2024-11-22,21.491669,0.0,7.2,7700.0,11000.0,10250.0,94.27
2024-11-23,21.05,0.0,7.2,7700.0,11000.0,10250.0,94.27
2024-11-24,20.406252,0.0,7.2,7700.0,11000.0,10250.0,94.27
2024-11-25,20.139584,0.0,12.4,6666.0,10100.0,9610.0,94.27
2024-11-26,20.154167,0.0,8.2,7000.0,9415.0,9000.0,94.27
2024-11-27,19.785418,0.0,7.7,9000.0,9100.0,9070.0,94.27
2024-11-28,19.883333,0.0,7.7,9000.0,9100.0,9070.0,94.27
2024-11-29,22.347914,0.0,7.7,9000.0,9100.0,9070.0,94.27
2024-11-30,23.647919,0.0,7.7,9000.0,9100.0,9070.0,94.27
2024-12-01,23.6625,0.3,7.7,9000.0,9100.0,9070.0,94.27
2024-12-02,24.372915,2.4,1.5,8000.0,8500.0,8400.0,94.27
2024-12-03,24.318748,0.3,8.9,6500.0,8550.0,8300.0,94.27
2024-12-04,24.493753,1.2,3.7,6001.0,7000.0,6500.0,94.27
2024-12-05,24.6875,0.4,12.9,6000.0,10200.0,9900.0,94.27
2024-12-06,24.237501,1.4000001,12.9,6000.0,10200.0,9900.0,94.27
2024-12-07,24.441666,0.6,15.9,7800.0,9700.0,9000.0,94.27
2024-12-08,23.704168,0.3,15.9,7800.0,9700.0,9000.0,94.27
2024-12-09,22.0,0.0,11.0,7701.0,9900.0,9000.0,94.27
2024-12-10,21.602083,0.0,6.0,8000.0,9400.0,8800.0,94.27
2024-12-11,21.050001,0.0,6.0,8000.0,9400.0,8800.0,94.27
2024-12-12,20.30625,0.0,19.2,7301.0,9730.0,8900.0,94.27
2024-12-13,19.15417,0.0,5.9,8200.0,10000.0,9260.0,94.27
2024-12-14,18.697916,0.0,5.9,8200.0,10000.0,9260.0,94.27
2024-12-15,18.5875,0.0,5.9,8200.0,10000.0,9260.0,94.27
2024-12-16,19.389584,0.0,5.9,8200.0,10000.0,9260.0,94.27
2024-12-17,20.058332,0.0,20.8,7650.0,8900.0,8700.0,94.27
2024-12-18,20.835417,0.0,35.1,7600.0,8810.0,8500.0,94.27
2024-12-19,22.891668,0.0,92.9,7170.0,8181.0,8000.0,94.27
2024-12-20,23.695831,0.0,127.2,7250.0,8151.0,8000.0,94.27
2024-12-21,24.01042,0.0,204.1,7360.0,8011.0,7650.0,94.27
2024-12-22,23.056252,1.7,204.1,7360.0,8011.0,7650.0,94.27
2024-12-23,24.106249,0.0,228.1,6690.0,7900.0,7780.0,94.27
2024-12-24,24.058332,0.0,269.3,6900.0,8051.0,7800.0,94.27
2024-12-25,23.106253,0.6,269.3,6900.0,8051.0,7800.0,94.27
2024-12-26,23.418749,1.0000001,303.8,6600.0,7970.0,7660.0,94.27
2024-12-27,23.531252,0.0,282.8,6700.0,8201.0,8000.0,94.27
2024-12-28,23.908335,0.0,0.4,6700.0,7411.0,7251.0,94.27
2024-12-29,23.918747,0.0,0.4,6700.0,7411.0,7251.0,94.27
2024-12-30,23.831251,0.0,0.4,6700.0,7411.0,7251.0,94.27
2024-12-31,,,361.2,6651.0,7981.0,7600.0,94.27
2024-12-31,,,0.4,6901.0,7200.0,7111.0,94.27
